Make,Model,Vehicle_Class,Engine_Size,Cylinders,Transmission,Fuel_Consumption_in_City,Fuel_Consumption_in_City_Hwy,Fuel_Consumption_comb,CO2_Emissions,CO2_Level
Acura,ILX,Compact,2.4,4,AM8,9.9,7.0,8.6,199,normal
Acura,NSX,Two-seater,3.5,6,AM9,11.1,10.8,11.0,256,high
Acura,RDX SH-AWD,SUV: Small,2.0,4,AS10,11.0,8.6,9.9,232,normal
Acura,RDX SH-AWD A-SPEC,SUV: Small,2.0,4,AS10,11.3,9.1,10.3,242,normal
Acura,TLX SH-AWD,Compact,2.0,4,AS10,11.2,8.0,9.8,230,normal
Acura,TLX SH-AWD A-SPEC,Compact,2.0,4,AS10,11.3,8.1,9.8,231,normal
Alfa Romeo,Giulia,Mid-size,2.0,4,A8,10.0,7.2,8.7,205,normal
Alfa Romeo,Giulia AWD,Mid-size,2.0,4,A8,10.5,7.7,9.2,217,normal
Alfa Romeo,Giulia Quadrifoglio,Mid-size,2.9,6,A8,13.5,9.3,11.6,271,high
Alfa Romeo,Stelvio,SUV: Small,2.0,4,A8,10.3,8.1,9.3,218,normal
Alfa Romeo,Stelvio AWD,SUV: Small,2.0,4,A8,10.8,8.3,9.6,226,normal
Alfa Romeo,Stelvio AWD Quadrifoglio,SUV: Small,2.9,6,A8,13.9,10.3,12.3,288,high
Aston Martin,DB11 V8,Minicompact,4.0,8,A8,13.0,9.8,11.5,271,high
Aston Martin,DB11 AMR,Minicompact,5.2,12,A8,15.5,10.6,13.3,312,high
Aston Martin,DBS Superleggera,Minicompact,5.2,12,A8,16.4,10.7,13.8,324,high
Aston Martin,DBX V8,SUV: Standard,4.0,8,A9,17.1,12.8,15.2,357,high
Aston Martin,Vantage V8,Two-seater,4.0,8,A8,13.1,9.6,11.5,270,high
Aston Martin,Vantage V8,Two-seater,4.0,8,M7,16.7,11.2,14.2,333,high
Audi,A4 allroad 45 TFSI quattro,Station wagon: Small,2.0,4,AM7,9.8,7.9,8.9,208,normal
Audi,A4 Sedan 40 TFSI quattro,Compact,2.0,4,AM7,9.3,7.0,8.3,194,normal
Audi,A4 Sedan 45 TFSI quattro,Compact,2.0,4,AM7,9.8,7.6,8.8,205,normal
Audi,A5 Cabriolet 45 TFSI quattro,Subcompact,2.0,4,AM7,10.4,7.5,9.1,212,normal
Audi,A5 Coupe 45 TFSI quattro,Subcompact,2.0,4,AM7,9.8,7.6,8.8,205,normal
Audi,A5 Sportback 45 TFSI quattro,Mid-size,2.0,4,AM7,9.8,7.6,8.8,205,normal
Audi,A6 allroad 55 TFSI quattro,Station wagon: Mid-size,3.0,6,AM7,11.8,9.1,10.6,247,normal
Audi,A6 Sedan 45 TFSI quattro,Mid-size,2.0,4,AM7,10.3,7.8,9.2,214,normal
Audi,A6 Sedan 55 TFSI quattro,Mid-size,3.0,6,AM7,10.9,8.2,9.7,227,normal
Audi,A7 Sportback 55 TFSI quattro,Mid-size,3.0,6,AM7,10.9,8.2,9.7,227,normal
Audi,A8 L Sedan 55 TFSI quattro,Full-size,3.0,6,AS8,13.5,8.9,11.5,267,high
Audi,A8 L Sedan 60 TFSI quattro,Full-size,4.0,8,AS8,15.4,10.4,13.2,308,high
Audi,Q3 40 TFSI quattro,SUV: Small,2.0,4,AS8,10.6,7.7,9.3,218,normal
Audi,Q3 45 TFSI quattro,SUV: Small,2.0,4,AS8,11.7,8.4,10.2,239,normal
Audi,Q5 45 TFSI quattro,SUV: Small,2.0,4,AM7,10.1,8.3,9.3,217,normal
Audi,Q5 Sportback 45 TFSI quattro,SUV: Small,2.0,4,AM7,10.1,8.3,9.3,217,normal
Audi,Q7 45 TFSI quattro,SUV: Standard,2.0,4,AS8,12.4,10.1,11.3,264,high
Audi,Q7 55 TFSI quattro,SUV: Standard,3.0,6,AS8,13.4,10.4,12.0,281,high
Audi,Q8 55 TFSI quattro,SUV: Standard,3.0,6,AS8,13.4,10.4,12.0,281,high
Audi,R8 Coupe,Two-seater,5.2,10,AM7,17.2,10.2,14.1,329,high
Audi,R8 Coupe quattro,Two-seater,5.2,10,AM7,17.6,12.0,15.1,353,high
Audi,R8 Spyder,Two-seater,5.2,10,AM7,17.2,10.2,14.1,329,high
Audi,R8 Spyder quattro,Two-seater,5.2,10,AM7,17.6,12.0,15.1,353,high
Audi,RS 5 Coupe quattro,Subcompact,2.9,6,AS8,13.1,9.5,11.5,269,high
Audi,RS 5 Sportback quattro,Mid-size,2.9,6,AS8,13.1,9.3,11.4,266,high
Audi,RS 6 Avant quattro,Station wagon: Mid-size,4.0,8,AS8,16.1,10.7,13.7,319,high
Audi,RS 7 Sportback quattro,Mid-size,4.0,8,AS8,16.0,10.5,13.5,315,high
Audi,RS Q8 quattro,SUV: Standard,4.0,8,AS8,18.0,12.3,15.4,360,high
Audi,S4 Sedan quattro,Compact,3.0,6,AS8,11.5,8.5,10.1,237,normal
Audi,S5 Cabriolet quattro,Subcompact,3.0,6,AS8,11.7,8.9,10.5,244,normal
Audi,S5 Coupe quattro,Subcompact,3.0,6,AS8,11.5,8.5,10.1,237,normal
Audi,S5 Sportback quattro,Mid-size,3.0,6,AS8,11.5,8.5,10.1,237,normal
Audi,S6 Sedan quattro,Mid-size,2.9,6,AS8,12.9,8.5,10.9,255,high
Audi,S7 Sportback quattro,Mid-size,2.9,6,AS8,12.9,8.5,10.9,255,high
Audi,S8 Sedan quattro,Full-size,4.0,8,AS8,17.6,10.7,14.5,339,high
Audi,SQ5 quattro,SUV: Small,3.0,6,AS8,13.1,9.9,11.6,274,high
Audi,SQ5 Sportback quattro,SUV: Small,3.0,6,AS8,13.1,9.9,11.6,274,high
Audi,SQ7 quattro,SUV: Standard,4.0,8,AS8,16.0,11.4,13.9,324,high
Audi,SQ8 quattro,SUV: Standard,4.0,8,AS8,16.0,11.4,13.9,324,high
Audi,TT Coupe 45 TFSI quattro,Subcompact,2.0,4,AM7,10.4,7.8,9.2,216,normal
Audi,TT Roadster 45 TFSI quattro,Two-seater,2.0,4,AM7,10.4,7.8,9.2,216,normal
Audi,TT RS Coupe quattro,Subcompact,2.5,5,AM7,11.6,8.0,10.0,232,normal
Audi,TTS Coupe quattro,Subcompact,2.0,4,AM7,10.4,8.2,9.4,220,normal
Bentley,Bentayga,SUV: Standard,4.0,8,AS8,15.8,9.9,13.2,309,high
Bentley,Bentayga,SUV: Standard,6.0,12,AS8,19.0,13.0,16.3,383,high
Bentley,Continental GT,Subcompact,4.0,8,AM8,15.0,9.0,12.3,290,high
Bentley,Continental GT,Subcompact,6.0,12,AM8,19.0,11.6,15.7,364,high
Bentley,Continental GT Convertible,Minicompact,4.0,8,AM8,15.0,9.0,12.3,290,high
Bentley,Continental GT Convertible,Minicompact,6.0,12,AM8,19.2,12.2,16.0,373,high
Bentley,Flying Spur,Mid-size,4.0,8,AM8,15.5,11.6,13.7,323,high
Bentley,Flying Spur,Mid-size,6.0,12,AM8,19.2,12.2,16.0,373,high
BMW,228i xDrive Gran Coupe,Compact,2.0,4,AS8,10.2,7.2,8.8,206,normal
BMW,230i xDrive Cabriolet,Subcompact,2.0,4,AS8,11.2,7.7,9.6,225,normal
BMW,230i xDrive Coupe,Subcompact,2.0,4,AS8,11.2,7.7,9.6,225,normal
BMW,330i xDrive Sedan,Compact,2.0,4,AS8,9.5,6.9,8.3,195,normal
BMW,430i xDrive Coupe,Subcompact,2.0,4,AS8,10.0,7.1,8.7,202,normal
BMW,530i xDrive Sedan,Mid-size,2.0,4,AS8,10.1,7.5,8.9,206,normal
BMW,540i xDrive Sedan,Full-size,3.0,6,AS8,10.3,7.6,9.1,211,normal
BMW,750i xDrive Sedan,Full-size,4.4,8,AS8,14.0,9.7,12.0,281,high
BMW,750Li xDrive Sedan,Full-size,4.4,8,AS8,14.0,9.7,12.0,281,high
BMW,Alpina B7 xDrive,Full-size,4.4,8,AS8,14.0,9.7,12.0,281,high
BMW,Alpina XB7,SUV: Standard,4.4,8,AS8,15.7,11.5,13.8,321,high
BMW,M2 Competition,Subcompact,3.0,6,AM7,14.3,10.4,12.6,293,high
BMW,M2 Competition,Subcompact,3.0,6,M6,13.4,9.6,11.7,273,high
BMW,M235i xDrive Gran Coupe,Compact,2.0,4,AS8,10.4,7.7,9.2,213,normal
BMW,M240i xDrive Cabriolet,Subcompact,3.0,6,AS8,11.3,7.9,9.8,228,normal
BMW,M240i xDrive Coupe,Subcompact,3.0,6,AS8,11.3,7.9,9.8,228,normal
BMW,M340i xDrive Sedan,Compact,3.0,6,AS8,10.5,7.7,9.2,214,normal
BMW,M440i xDrive Coupe,Subcompact,3.0,6,AS8,10.5,7.7,9.2,214,normal
BMW,M5 Sedan,Mid-size,4.4,8,AS8,16.0,11.0,13.8,323,high
BMW,M5 Competition,Mid-size,4.4,8,AS8,16.0,11.0,13.8,323,high
BMW,M550i xDrive Sedan,Mid-size,4.4,8,AS8,13.5,9.5,11.7,272,high
BMW,M760i xDrive Sedan,Full-size,6.6,12,AS8,17.8,11.9,15.1,354,high
BMW,M8 Cabriolet,Subcompact,4.4,8,AS8,16.0,11.0,13.8,323,high
BMW,M8 Cabriolet Competition,Subcompact,4.4,8,AS8,16.0,11.0,13.8,323,high
BMW,M8 Coupe,Subcompact,4.4,8,AS8,16.0,11.0,13.8,323,high
BMW,M8 Coupe Competition,Subcompact,4.4,8,AS8,16.0,11.0,13.8,323,high
BMW,M8 Gran Coupe,Mid-size,4.4,8,AS8,16.0,11.0,13.8,323,high
BMW,M8 Gran Coupe Competition,Mid-size,4.4,8,AS8,16.0,11.0,13.8,323,high
BMW,M850i xDrive Cabriolet,Subcompact,4.4,8,AS8,14.0,9.7,12.0,281,high
BMW,M850i xDrive Coupe,Subcompact,4.4,8,AS8,13.5,9.5,11.7,272,high
BMW,M850i xDrive Gran Coupe,Mid-size,4.4,8,AS8,14.0,9.7,12.0,281,high
BMW,X1 xDrive28i,SUV: Small,2.0,4,AS8,10.3,7.7,9.1,213,normal
BMW,X2 xDrive28i,SUV: Small,2.0,4,AS8,9.8,7.5,8.8,205,normal
BMW,X2 M35i,SUV: Small,2.0,4,AS8,10.0,7.7,8.9,209,normal
BMW,X3 xDrive30i,SUV: Small,2.0,4,AS8,10.2,8.2,9.3,217,normal
BMW,X3 M,SUV: Small,3.0,6,AS8,16.6,12.1,14.6,339,high
BMW,X3 M Competition,SUV: Small,3.0,6,AS8,16.6,12.1,14.6,339,high
BMW,X3 M40i,SUV: Small,3.0,6,AS8,11.3,8.7,10.1,235,normal
BMW,X4 xDrive30i,SUV: Small,2.0,4,AS8,10.2,8.2,9.3,217,normal
BMW,X4 M,SUV: Small,3.0,6,AS8,16.6,12.1,14.6,339,high
BMW,X4 M Competition,SUV: Small,3.0,6,AS8,16.6,12.1,14.6,339,high
BMW,X4 M40i,SUV: Small,3.0,6,AS8,11.3,8.7,10.1,235,normal
BMW,X5 xDrive40i,SUV: Standard,3.0,6,AS8,11.4,9.2,10.4,242,normal
BMW,X5 M,SUV: Standard,4.4,8,AS8,17.9,13.0,15.7,364,high
BMW,X5 M Competition,SUV: Standard,4.4,8,AS8,17.9,13.0,15.7,364,high
BMW,X5 M50i,SUV: Standard,4.4,8,AS8,14.4,10.6,12.7,302,high
BMW,X6 xDrive40i,SUV: Standard,3.0,6,AS8,11.4,9.2,10.4,242,normal
BMW,X6 M,SUV: Standard,4.4,8,AS8,17.9,13.0,15.7,364,high
BMW,X6 M Competition,SUV: Standard,4.4,8,AS8,17.9,13.0,15.7,364,high
BMW,X6 M50i,SUV: Standard,4.4,8,AS8,14.4,10.6,12.7,302,high
BMW,X7 xDrive40i,SUV: Standard,3.0,6,AS8,12.1,9.8,11.1,256,high
BMW,X7 M50i,SUV: Standard,4.4,8,AS8,15.7,11.5,13.8,321,high
BMW,Z4 sDrive30i,Two-seater,2.0,4,AS8,9.4,7.3,8.4,197,normal
BMW,Z4 M40i,Two-seater,3.0,6,AS8,10.7,8.0,9.5,221,normal
Bugatti,Chiron,Two-seater,8.0,16,AM7,26.8,16.6,22.2,522,high
Bugatti,Chiron Pur Sport,Two-seater,8.0,16,AM7,30.3,20.9,26.1,608,high
Buick,Enclave,SUV: Standard,3.6,6,A9,13.0,9.1,11.2,264,high
Buick,Enclave AWD,SUV: Standard,3.6,6,A9,13.6,9.6,11.8,277,high
Buick,Encore,SUV: Small,1.4,4,AS6,9.4,7.8,8.7,204,normal
Buick,Encore (SIDI),SUV: Small,1.4,4,AS6,9.7,7.3,8.6,203,normal
Buick,Encore AWD,SUV: Small,1.4,4,AS6,10.0,8.0,9.1,214,normal
Buick,Encore AWD (SIDI),SUV: Small,1.4,4,AS6,10.2,7.7,9.1,214,normal
Buick,Encore GX,SUV: Small,1.2,3,AV,8.4,7.5,8.0,188,normal
Buick,Envision,SUV: Small,2.0,4,AS9,10.0,7.6,8.9,209,normal
Buick,Envision AWD,SUV: Small,2.0,4,AS9,10.5,8.2,9.5,222,normal
Cadillac,CT4,Compact,2.0,4,AS8,10.1,6.8,8.7,203,normal
Cadillac,CT4,Compact,2.7,4,AS10,11.0,7.6,9.5,221,normal
Cadillac,CT4 AWD,Compact,2.0,4,AS8,10.4,7.4,9.1,213,normal
Cadillac,CT4 AWD,Compact,2.7,4,AS10,11.4,8.2,9.9,232,normal
Cadillac,CT4-V,Compact,2.7,4,AS10,11.5,8.2,10.0,234,normal
Cadillac,CT4-V AWD,Compact,2.7,4,AS10,11.7,8.4,10.2,239,normal
Cadillac,CT5,Mid-size,2.0,4,AS10,10.4,7.3,9.0,209,normal
Cadillac,CT5,Mid-size,3.0,6,AS10,12.3,8.5,10.6,249,normal
Cadillac,CT5 AWD,Mid-size,2.0,4,AS10,11.0,7.7,9.5,242,normal
Cadillac,CT5 AWD,Mid-size,3.0,6,AS10,12.7,9.1,11.1,260,high
Cadillac,CT5-V,Mid-size,3.0,6,AS10,12.7,8.7,10.9,256,high
Cadillac,CT5-V AWD,Mid-size,3.0,6,AS10,12.7,9.1,11.1,260,high
Cadillac,Escalade 4WD,SUV: Standard,3.0,6,A10,12.0,8.9,10.6,277,high
Cadillac,Escalade 4WD,SUV: Standard,6.2,8,A10,16.8,12.4,14.8,347,high
Cadillac,Escalade 4WD (Without Stop-Start),SUV: Standard,6.2,8,A10,17.5,12.6,15.3,357,high
Cadillac,XT4,SUV: Small,2.0,4,AS9,9.9,7.8,8.9,209,normal
Cadillac,XT4 AWD,SUV: Small,2.0,4,AS9,10.9,8.2,9.7,227,normal
Cadillac,XT5,SUV: Small,2.0,4,AS9,10.7,8.0,9.5,222,normal
Cadillac,XT5 AWD,SUV: Small,2.0,4,AS9,11.2,8.7,10.1,237,normal
Cadillac,XT5 AWD,SUV: Small,3.6,6,AS9,12.9,9.2,11.2,263,high
Cadillac,XT6 AWD,SUV: Small,2.0,4,AS9,11.2,9.0,10.2,239,normal
Cadillac,XT6 AWD,SUV: Small,3.6,6,AS9,13.1,9.5,11.5,269,high
Chevrolet,Blazer,SUV: Small,2.0,4,A9,10.6,8.0,9.4,221,normal
Chevrolet,Blazer,SUV: Small,2.5,4,A9,11.3,8.9,10.2,238,normal
Chevrolet,Blazer,SUV: Small,3.6,6,A9,12.0,8.7,10.5,247,normal
Chevrolet,Blazer AWD,SUV: Small,2.0,4,A9,10.6,8.7,9.7,227,normal
Chevrolet,Blazer AWD,SUV: Small,3.6,6,A9,12.5,9.0,10.9,256,high
Chevrolet,Camaro,Subcompact,2.0,4,AS8,10.9,7.8,9.5,222,normal
Chevrolet,Camaro,Subcompact,2.0,4,M6,12.6,8.0,10.5,247,normal
Chevrolet,Camaro,Subcompact,3.6,6,AS10,12.8,8.1,10.7,251,normal
Chevrolet,Camaro,Subcompact,3.6,6,M6,14.4,9.0,12.0,281,high
Chevrolet,Camaro SS,Subcompact,6.2,8,AS10,14.6,8.9,12.0,281,high
Chevrolet,Camaro SS,Subcompact,6.2,8,M6,14.9,9.9,12.6,296,high
Chevrolet,Camaro ZL1,Subcompact,6.2,8,AS10,18.3,11.2,15.1,355,high
Chevrolet,Camaro ZL1,Subcompact,6.2,8,M6,17.2,12.0,14.8,349,high
Chevrolet,Colorado,Pickup truck: Small,2.5,4,A6,12.2,9.4,10.9,257,high
Chevrolet,Colorado,Pickup truck: Small,2.8,4,A6,11.8,7.9,10.1,294,high
Chevrolet,Colorado,Pickup truck: Small,3.6,6,A8,12.9,9.3,11.3,263,high
Chevrolet,Colorado 4WD,Pickup truck: Small,2.5,4,A6,12.7,9.9,11.4,268,high
Chevrolet,Colorado 4WD,Pickup truck: Small,2.8,4,A6,12.2,8.4,10.5,294,high
Chevrolet,Colorado 4WD,Pickup truck: Small,3.6,6,A8,14.0,9.9,12.1,284,high
Chevrolet,Colorado ZR2 4WD,Pickup truck: Small,2.8,4,A6,13.3,10.6,12.1,326,high
Chevrolet,Colorado ZR2 4WD,Pickup truck: Small,3.6,6,A8,15.0,13.0,14.1,329,high
Chevrolet,Corvette,Two-seater,6.2,8,AS8,15.4,8.7,12.4,290,high
Chevrolet,Equinox,SUV: Small,1.5,4,A6,8.9,7.7,8.4,198,normal
Chevrolet,Equinox AWD,SUV: Small,1.5,4,A6,9.4,8.0,8.8,207,normal
Chevrolet,Malibu,Mid-size,1.5,4,AV,8.2,6.6,7.5,175,normal
Chevrolet,Malibu,Mid-size,2.0,4,A9,10.7,7.1,9.1,213,normal
Chevrolet,Silverado,Pickup truck: Standard,2.7,4,A8,11.9,10.3,11.2,263,high
Chevrolet,Silverado Custom/WT,Pickup truck: Standard,2.7,4,A8,11.9,10.3,11.2,263,high
Chevrolet,Silverado,Pickup truck: Standard,3.0,6,A10,10.2,7.2,8.8,238,normal
Chevrolet,Silverado,Pickup truck: Standard,4.3,6,A6,15.1,11.5,13.5,318,high
Chevrolet,Silverado,Pickup truck: Standard,5.3,8,A6,15.8,11.4,13.8,325,high
Chevrolet,Silverado (Without AFM),Pickup truck: Standard,5.3,8,A6,16.7,11.4,14.3,336,high
Chevrolet,Silverado FFV,Pickup truck: Standard,5.3,8,A6,16.2,12.3,14.5,340,high
Chevrolet,Silverado FFV,Pickup truck: Standard,5.3,8,A6,21.5,16.0,19.0,315,high
Chevrolet,Silverado,Pickup truck: Standard,5.3,8,A8,13.9,10.1,12.2,286,high
Chevrolet,Silverado (Without DFM),Pickup truck: Standard,5.3,8,A8,15.9,10.8,13.6,319,high
Chevrolet,Silverado 4WD,Pickup truck: Standard,2.7,4,A8,12.5,10.8,11.7,275,high
Chevrolet,Silverado 4WD Custom/WT,Pickup truck: Standard,2.7,4,A8,12.5,10.8,11.7,275,high
Chevrolet,Silverado 4WD,Pickup truck: Standard,3.0,6,A10,10.6,9.2,10.0,268,high
Chevrolet,Silverado 4WD,Pickup truck: Standard,4.3,6,A6,15.8,11.9,14.0,329,high
Chevrolet,Silverado 4WD Trail Boss,Pickup truck: Standard,4.3,6,A6,16.3,13.0,14.8,347,high
Chevrolet,Silverado 4WD,Pickup truck: Standard,5.3,8,A6,16.0,11.8,14.1,331,high
Chevrolet,Silverado 4WD (Without AFM),Pickup truck: Standard,5.3,8,A6,17.3,11.8,14.8,348,high
Chevrolet,Silverado 4WD FFV,Pickup truck: Standard,5.3,8,A6,16.5,12.8,14.8,347,high
Chevrolet,Silverado 4WD FFV,Pickup truck: Standard,5.3,8,A6,22.0,16.4,19.5,326,high
Chevrolet,Silverado 4WD Trail Boss,Pickup truck: Standard,5.3,8,A6,16.5,13.1,15.0,350,high
Chevrolet,Silverado 4WD Trail Boss (Without AFM),Pickup truck: Standard,5.3,8,A6,17.8,13.2,15.7,368,high
Chevrolet,Silverado 4WD,Pickup truck: Standard,5.3,8,A8,14.4,10.6,12.7,299,high
Chevrolet,Silverado 4WD (Without DFM),Pickup truck: Standard,5.3,8,A8,16.8,11.4,14.4,339,high
Chevrolet,Silverado 4WD,Pickup truck: Standard,5.3,8,A10,14.3,10.7,12.7,298,high
Chevrolet,Silverado 4WD (Without Stop-Start),Pickup truck: Standard,5.3,8,A10,15.3,11.0,13.3,313,high
Chevrolet,Silverado 4WD Trail Boss,Pickup truck: Standard,5.3,8,A10,14.7,11.2,13.1,307,high
Chevrolet,Silverado 4WD Trail Boss (Without Stop-Start),Pickup truck: Standard,5.3,8,A10,15.6,11.4,13.7,321,high
Chevrolet,Silverado 4WD,Pickup truck: Standard,6.2,8,A10,14.7,11.0,13.1,306,high
Chevrolet,Silverado 4WD (Without Stop-Start),Pickup truck: Standard,6.2,8,A10,15.6,11.6,13.8,324,high
Chevrolet,Silverado 4WD Trail Boss,Pickup truck: Standard,6.2,8,A10,15.7,12.4,14.2,332,high
Chevrolet,Silverado 4WD Trail Boss (Without Stop-Start),Pickup truck: Standard,6.2,8,A10,16.8,12.7,15.0,352,high
Chevrolet,Spark,Subcompact,1.4,4,AV,7.7,6.2,7.0,165,normal
Chevrolet,Spark,Subcompact,1.4,4,M5,8.0,6.2,7.2,170,normal
Chevrolet,Suburban,SUV: Standard,3.0,6,A10,11.3,8.6,10.1,272,high
Chevrolet,Suburban,SUV: Standard,5.3,8,A10,14.3,11.8,13.2,309,high
Chevrolet,Suburban (Without Stop-Start),SUV: Standard,5.3,8,A10,15.3,12.0,13.8,325,high
Chevrolet,Suburban 4WD,SUV: Standard,3.0,6,A10,12.0,8.9,10.6,277,high
Chevrolet,Suburban 4WD,SUV: Standard,5.3,8,A10,15.3,12.4,14.0,328,high
Chevrolet,Suburban 4WD (Without Stop-Start),SUV: Standard,5.3,8,A10,16.0,12.6,14.5,341,high
Chevrolet,Suburban 4WD,SUV: Standard,6.2,8,A10,16.8,12.4,14.8,347,high
Chevrolet,Suburban 4WD (Without Stop-Start),SUV: Standard,6.2,8,A10,17.5,12.6,15.3,357,high
Chevrolet,Tahoe,SUV: Standard,3.0,6,A10,11.0,8.4,9.8,263,high
Chevrolet,Tahoe,SUV: Standard,5.3,8,A10,14.3,11.8,13.2,309,high
Chevrolet,Tahoe (Without Stop-Start),SUV: Standard,5.3,8,A10,15.3,12.0,13.8,325,high
Chevrolet,Tahoe 4WD,SUV: Standard,3.0,6,A10,12.0,8.9,10.6,277,high
Chevrolet,Tahoe 4WD,SUV: Standard,5.3,8,A10,14.8,11.8,13.5,317,high
Chevrolet,Tahoe 4WD (Without Stop-Start),SUV: Standard,5.3,8,A10,15.5,12.0,13.9,327,high
Chevrolet,Tahoe 4WD,SUV: Standard,6.2,8,A10,16.8,12.4,14.8,347,high
Chevrolet,Tahoe 4WD (Without Stop-Start),SUV: Standard,6.2,8,A10,17.5,12.6,15.3,357,high
Chevrolet,Trailblazer,SUV: Small,1.2,3,AV,8.4,7.5,8.0,188,normal
Chevrolet,Trailblazer,SUV: Small,1.3,3,AV,8.0,7.2,7.6,179,normal
Chevrolet,Trailblazer AWD,SUV: Small,1.3,3,A9,8.9,7.8,8.4,196,normal
Chevrolet,Traverse,SUV: Standard,3.6,6,A9,13.0,8.8,11.1,261,high
Chevrolet,Traverse AWD,SUV: Standard,3.6,6,A9,13.6,9.6,11.8,277,high
Chevrolet,Trax,SUV: Small,1.4,4,AS6,9.1,7.6,8.4,196,normal
Chevrolet,Trax (SIDI),SUV: Small,1.4,4,AS6,9.7,7.3,8.6,203,normal
Chevrolet,Trax 4WD,SUV: Small,1.4,4,AS6,10.0,8.0,9.1,214,normal
Chevrolet,Trax 4WD (SIDI),SUV: Small,1.4,4,AS6,10.2,7.7,9.1,214,normal
Chrysler,300,Full-size,3.6,6,A8,12.4,7.8,10.3,242,normal
Chrysler,300,Full-size,5.7,8,A8,14.7,9.4,12.3,289,high
Chrysler,300 AWD,Full-size,3.6,6,A8,12.8,8.7,11.0,258,high
Chrysler,Grand Caravan,Minivan,3.6,6,A9,12.4,8.4,10.6,249,normal
Chrysler,Pacifica,Minivan,3.6,6,A9,12.4,8.4,10.6,249,normal
Chrysler,Pacifica AWD,Minivan,3.6,6,A9,14.1,9.4,12.0,279,high
Dodge,Challenger,Mid-size,3.6,6,A8,12.4,7.8,10.3,242,normal
Dodge,Challenger (MDS),Mid-size,5.7,8,A8,14.7,9.4,12.3,289,high
Dodge,Challenger,Mid-size,5.7,8,M6,15.6,10.1,13.1,307,high
Dodge,Challenger (MDS),Mid-size,6.4,8,A8,15.9,9.6,13.1,306,high
Dodge,Challenger,Mid-size,6.4,8,M6,16.7,10.4,13.9,325,high
Dodge,Challenger AWD,Mid-size,3.6,6,A8,12.8,8.7,11.0,258,high
Dodge,Challenger Widebody (MDS),Mid-size,6.4,8,A8,15.9,9.6,13.1,306,high
Dodge,Challenger Widebody,Mid-size,6.4,8,M6,16.7,10.4,13.9,325,high
Dodge,Challenger SRT Hellcat,Mid-size,6.2,8,A8,17.6,10.7,14.5,339,high
Dodge,Challenger SRT Hellcat,Mid-size,6.2,8,M6,18.1,11.4,15.1,352,high
Dodge,Challenger SRT Hellcat Widebody,Mid-size,6.2,8,A8,18.6,11.3,15.3,359,high
Dodge,Challenger SRT Hellcat Widebody,Mid-size,6.2,8,M6,18.1,11.4,15.1,352,high
Dodge,Charger,Full-size,3.6,6,A8,12.4,7.8,10.3,242,normal
Dodge,Charger (MDS),Full-size,5.7,8,A8,14.7,9.4,12.3,289,high
Dodge,Charger (MDS),Full-size,6.4,8,A8,15.9,9.6,13.1,306,high
Dodge,Charger AWD,Full-size,3.6,6,A8,12.8,8.7,11.0,258,high
Dodge,Charger Widebody (MDS),Full-size,6.4,8,A8,15.9,9.6,13.1,306,high
Dodge,Charger SRT Hellcat Widebody,Full-size,6.2,8,A8,19.0,11.5,15.6,368,high
Dodge,Durango AWD,SUV: Standard,3.6,6,A8,12.7,9.6,11.3,265,high
Dodge,Durango AWD,SUV: Standard,5.7,8,A8,16.7,10.9,14.1,331,high
Dodge,Durango AWD SRT,SUV: Standard,6.4,8,A8,18.3,12.2,15.6,363,high
Dodge,Durango AWD SRT Hellcat,SUV: Standard,6.2,8,A8,20.5,13.8,17.4,410,high
FIAT,500X AWD,SUV: Small,1.3,4,A9,10.0,7.9,9.1,221,normal
Ford,Bronco 4WD,SUV: Small,2.3,4,AS10,11.7,10.7,11.2,264,high
Ford,Bronco 4WD,SUV: Small,2.3,4,M7,11.6,10.9,11.3,265,high
Ford,Bronco 4WD,SUV: Small,2.7,6,AS10,12.8,11.6,12.2,287,high
Ford,Bronco Badlands 4WD,SUV: Small,2.3,4,AS10,13.5,13.7,13.6,318,high
Ford,Bronco Badlands 4WD,SUV: Small,2.3,4,M7,14.7,13.3,14.1,330,high
Ford,Bronco Badlands 4WD,SUV: Small,2.7,6,AS10,13.7,13.1,13.4,315,high
Ford,Bronco Black Diamond 4WD,SUV: Small,2.3,4,AS10,13.1,13.1,13.1,308,high
Ford,Bronco Black Diamond 4WD,SUV: Small,2.3,4,M7,13.8,12.4,13.2,310,high
Ford,Bronco Sasquatch 4WD,SUV: Small,2.3,4,AS10,13.1,13.1,13.1,308,high
Ford,Bronco Sasquatch 4WD,SUV: Small,2.7,6,AS10,14.0,13.9,13.9,327,high
Ford,Bronco Sport 4WD,SUV: Small,1.5,3,A8,9.3,8.3,8.9,209,normal
Ford,Bronco Sport 4WD,SUV: Small,2.0,4,AS8,11.1,8.9,10.1,238,normal
Ford,EcoSport,SUV: Small,1.0,3,AS6,8.6,8.1,8.4,197,normal
Ford,EcoSport AWD,SUV: Small,2.0,4,AS6,10.2,8.0,9.2,217,normal
Ford,Edge,SUV: Small,2.0,4,A8,11.2,8.1,9.8,229,normal
Ford,Edge AWD,SUV: Small,2.0,4,A8,11.5,8.3,10.0,236,normal
Ford,Edge AWD,SUV: Small,2.0,4,AS8,11.5,8.3,10.1,237,normal
Ford,Edge AWD,SUV: Small,2.7,6,AS8,12.6,9.3,11.1,262,high
Ford,Escape,SUV: Small,1.5,3,A8,8.5,6.8,7.8,182,normal
Ford,Escape AWD,SUV: Small,1.5,3,A8,9.0,7.6,8.4,198,normal
Ford,Escape AWD,SUV: Small,2.0,4,A8,10.4,7.5,9.1,213,normal
Ford,Escape Hybrid,SUV: Small,2.5,4,AV,5.4,6.3,5.8,136,normal
Ford,Escape Hybrid AWD,SUV: Small,2.5,4,AV,5.5,6.4,5.9,139,normal
Ford,Expedition 4X4,SUV: Standard,3.5,6,AS10,14.1,10.7,12.6,295,high
Ford,Expedition MAX 4X4,SUV: Standard,3.5,6,AS10,14.7,11.2,13.1,308,high
Ford,Explorer AWD,SUV: Standard,2.3,4,A10,11.7,8.6,10.3,242,normal
Ford,Explorer AWD,SUV: Standard,2.3,4,AS10,11.7,8.6,10.3,242,normal
Ford,Explorer AWD,SUV: Standard,3.0,6,AS10,13.4,9.8,11.8,277,high
Ford,Explorer Timberline AWD,SUV: Standard,2.3,4,AS10,12.2,10.4,11.4,268,high
Ford,Explorer Hybrid AWD,SUV: Standard,3.3,6,AS10,10.1,9.0,9.6,225,normal
Ford,F-150,Pickup truck: Standard,2.7,6,AS10,12.0,9.3,10.8,253,normal
Ford,F-150 FFV,Pickup truck: Standard,3.3,6,AS10,12.0,9.8,11.0,259,high
Ford,F-150 FFV,Pickup truck: Standard,3.3,6,AS10,16.6,12.6,14.8,242,normal
Ford,F-150,Pickup truck: Standard,3.5,6,AS10,13.1,10.0,11.7,274,high
Ford,F-150 FFV,Pickup truck: Standard,5.0,8,AS10,14.0,10.0,12.2,287,high
Ford,F-150 FFV,Pickup truck: Standard,5.0,8,AS10,20.9,13.6,17.6,291,high
Ford,F-150 FFV (Without Stop-Start),Pickup truck: Standard,5.0,8,AS10,14.5,10.3,12.6,296,high
Ford,F-150 FFV (Without Stop-Start),Pickup truck: Standard,5.0,8,AS10,19.8,13.7,17.1,284,high
Ford,F-150 4X4,Pickup truck: Standard,2.7,6,AS10,12.8,10.0,11.5,271,high
Ford,F-150 4X4 (Without Stop-Start),Pickup truck: Standard,2.7,6,AS10,13.5,10.0,11.9,280,high
Ford,F-150 4X4,Pickup truck: Standard,3.0,6,AS10,11.9,9.1,10.7,287,high
Ford,F-150 FFV 4X4,Pickup truck: Standard,3.3,6,AS10,12.5,10.7,11.7,275,high
Ford,F-150 FFV 4X4,Pickup truck: Standard,3.3,6,AS10,17.2,13.1,15.4,252,normal
Ford,F-150 4X4,Pickup truck: Standard,3.5,6,AS10,13.5,10.2,12.0,282,high
Ford,F-150 FFV 4X4,Pickup truck: Standard,5.0,8,AS10,14.8,10.9,13.1,307,high
Ford,F-150 FFV 4X4,Pickup truck: Standard,5.0,8,AS10,21.5,14.5,18.3,303,high
Ford,F-150 FFV 4X4 (Without Stop-Start),Pickup truck: Standard,5.0,8,AS10,15.4,11.0,13.4,315,high
Ford,F-150 FFV 4X4 (Without Stop-Start),Pickup truck: Standard,5.0,8,AS10,21.0,14.7,18.1,301,high
Ford,F-150 Raptor 4X4,Pickup truck: Standard,3.5,6,AS10,15.8,13.2,14.6,344,high
Ford,F-150 Raptor 4X4 (Without Stop-Start),Pickup truck: Standard,3.5,6,AS10,16.8,13.2,15.2,357,high
Ford,F-150 Raptor 37 4X4,Pickup truck: Standard,3.5,6,AS10,16.0,14.4,15.3,359,high
Ford,F-150 Raptor 37 4X4 (Without Stop-Start),Pickup truck: Standard,3.5,6,AS10,16.6,14.8,15.8,370,high
Ford,F-150 Tremor 4X4,Pickup truck: Standard,3.5,6,AS10,14.3,11.8,13.2,310,high
Ford,F-150 Tremor 4X4 (Without Stop-Start),Pickup truck: Standard,3.5,6,AS10,14.7,11.7,13.3,313,high
Ford,F-150 Hybrid,Pickup truck: Standard,3.5,6,AS10,9.5,9.1,9.3,217,normal
Ford,F-150 Hybrid 4X4,Pickup truck: Standard,3.5,6,AS10,9.8,9.7,9.8,229,normal
Ford,GT,Two-seater,3.5,6,AM7,19.8,12.8,16.6,393,high
Ford,Mustang,Subcompact,2.3,4,A10,11.0,7.5,9.4,221,normal
Ford,Mustang,Subcompact,2.3,4,AS10,11.0,7.5,9.4,222,normal
Ford,Mustang (High Performance),Subcompact,2.3,4,AS10,11.7,8.6,10.3,242,normal
Ford,Mustang,Subcompact,2.3,4,M6,11.4,8.1,9.9,233,normal
Ford,Mustang (High Performance),Subcompact,2.3,4,M6,11.9,8.7,10.5,246,normal
Ford,Mustang,Subcompact,5.0,8,AS10,15.3,9.8,12.8,300,high
Ford,Mustang,Subcompact,5.0,8,M6,16.2,10.0,13.4,314,high
Ford,Mustang Convertible,Subcompact,2.3,4,A10,12.0,8.5,10.4,244,normal
Ford,Mustang Convertible,Subcompact,2.3,4,AS10,11.9,8.4,10.3,241,normal
Ford,Mustang Convertible (High Performance),Subcompact,2.3,4,AS10,12.1,8.9,10.7,251,normal
Ford,Mustang Convertible,Subcompact,2.3,4,M6,11.8,8.6,10.4,244,normal
Ford,Mustang Convertible (High Performance),Subcompact,2.3,4,M6,12.4,9.3,11.0,258,high
Ford,Mustang Convertible,Subcompact,5.0,8,AS10,15.8,10.4,13.3,312,high
Ford,Mustang Mach 1,Subcompact,5.0,8,AS10,15.3,10.1,12.9,303,high
Ford,Mustang Mach 1,Subcompact,5.0,8,M6,16.6,10.5,13.9,325,high
Ford,Ranger 4WD,Pickup truck: Standard,2.3,4,AS10,11.8,9.8,10.9,256,high
Ford,Ranger 4WD Tremor,Pickup truck: Standard,2.3,4,AS10,12.1,12.3,12.2,287,high
Ford,Shelby GT500 Mustang,Subcompact,5.2,8,AM7,19.9,12.8,16.7,393,high
Ford,T-150 Wagon FFV,Van: Passenger,3.5,6,AS10,16.2,12.4,14.5,341,high
Ford,T-150 Wagon FFV,Van: Passenger,3.5,6,AS10,21.6,16.4,19.3,321,high
Ford,T-150 Wagon FFV 4WD,Van: Passenger,3.5,6,AS10,16.8,13.0,15.1,354,high
Ford,T-150 Wagon FFV 4WD,Van: Passenger,3.5,6,AS10,22.3,17.0,19.9,331,high
Ford,Transit Connect Van,Special purpose vehicle,2.0,4,AS8,9.8,8.8,9.3,217,normal
Ford,Transit Connect Van FFV,Special purpose vehicle,2.0,4,AS8,9.8,8.8,9.3,217,normal
Ford,Transit Connect Van FFV,Special purpose vehicle,2.0,4,AS8,13.3,11.8,12.6,209,normal
Ford,Transit Connect Van,Special purpose vehicle,2.5,4,AS6,12.0,8.8,10.6,247,normal
Ford,Transit Connect Wagon LWB,Special purpose vehicle,2.0,4,AS8,9.9,8.2,9.2,214,normal
Ford,Transit Connect Wagon LWB FFV,Special purpose vehicle,2.0,4,AS8,9.9,8.2,9.2,214,normal
Ford,Transit Connect Wagon LWB FFV,Special purpose vehicle,2.0,4,AS8,13.7,11.1,12.5,208,normal
Ford,Transit Connect Wagon LWB,Special purpose vehicle,2.5,4,AS6,12.1,9.0,10.7,251,normal
Genesis,G70,Compact,2.0,4,M6,12.8,8.5,10.9,255,high
Genesis,G70 AWD,Compact,2.0,4,AS8,11.4,8.5,10.1,236,normal
Genesis,G70 AWD,Compact,3.3,6,AS8,14.1,9.5,12.0,284,high
Genesis,G80 AWD,Full-size,2.5,4,AS8,10.8,7.9,9.5,225,normal
Genesis,G80 AWD,Full-size,3.5,6,AS8,12.9,9.0,11.2,262,high
Genesis,G90 AWD,Full-size,5.0,8,AS8,15.0,10.1,12.8,303,high
Genesis,GV80 AWD,SUV: Standard,2.5,4,AS8,11.3,9.5,10.5,248,normal
Genesis,GV80 AWD,SUV: Standard,3.5,6,AS8,12.9,10.4,11.8,279,high
GMC,Acadia,SUV: Standard,2.0,4,A9,10.6,8.0,9.4,221,normal
GMC,Acadia,SUV: Standard,2.5,4,A9,11.3,8.9,10.2,238,normal
GMC,Acadia,SUV: Standard,3.6,6,A9,12.2,8.8,10.7,250,normal
GMC,Acadia AWD,SUV: Standard,2.0,4,A9,10.6,8.7,9.7,227,normal
GMC,Acadia AWD,SUV: Standard,3.6,6,A9,12.5,9.0,10.9,256,high
GMC,Canyon,Pickup truck: Small,2.5,4,A6,12.2,9.4,10.9,257,high
GMC,Canyon,Pickup truck: Small,2.8,4,A6,11.8,7.9,10.1,294,high
GMC,Canyon,Pickup truck: Small,3.6,6,A8,12.9,9.3,11.3,263,high
GMC,Canyon 4WD,Pickup truck: Small,2.5,4,A6,12.7,9.9,11.4,268,high
GMC,Canyon 4WD,Pickup truck: Small,2.8,4,A6,12.2,8.4,10.5,294,high
GMC,Canyon 4WD,Pickup truck: Small,3.6,6,A8,14.9,10.9,13.1,306,high
GMC,Sierra,Pickup truck: Standard,2.7,4,A8,11.9,10.3,11.2,263,high
GMC,Sierra WT,Pickup truck: Standard,2.7,4,A8,11.9,10.3,11.2,263,high
GMC,Sierra,Pickup truck: Standard,3.0,6,A10,10.2,7.8,9.1,245,normal
GMC,Sierra,Pickup truck: Standard,4.3,6,A6,15.1,11.5,13.5,318,high
GMC,Sierra,Pickup truck: Standard,5.3,8,A6,15.8,11.4,13.8,325,high
GMC,Sierra (Without AFM),Pickup truck: Standard,5.3,8,A6,16.7,11.4,14.3,336,high
GMC,Sierra FFV,Pickup truck: Standard,5.3,8,A6,16.2,12.3,14.5,340,high
GMC,Sierra FFV,Pickup truck: Standard,5.3,8,A6,21.5,16.0,19.0,315,high
GMC,Sierra,Pickup truck: Standard,5.3,8,A8,14.0,10.1,12.3,288,high
GMC,Sierra (Without DFM),Pickup truck: Standard,5.3,8,A8,16.0,10.9,13.7,321,high
GMC,Sierra 4WD,Pickup truck: Standard,2.7,4,A8,13.0,11.4,12.3,288,high
GMC,Sierra 4WD WT,Pickup truck: Standard,2.7,4,A8,13.3,11.8,12.6,295,high
GMC,Sierra 4WD,Pickup truck: Standard,3.0,6,A10,10.6,9.2,10.0,268,high
GMC,Sierra 4WD AT4,Pickup truck: Standard,3.0,6,A10,10.6,9.2,10.0,268,high
GMC,Sierra 4WD,Pickup truck: Standard,4.3,6,A6,15.8,11.9,14.0,329,high
GMC,Sierra 4WD,Pickup truck: Standard,5.3,8,A6,16.0,11.8,14.1,331,high
GMC,Sierra 4WD (Without AFM),Pickup truck: Standard,5.3,8,A6,17.3,11.8,14.8,348,high
GMC,Sierra 4WD FFV,Pickup truck: Standard,5.3,8,A6,16.5,12.8,14.8,347,high
GMC,Sierra 4WD FFV,Pickup truck: Standard,5.3,8,A6,22.0,16.4,19.5,326,high
GMC,Sierra 4WD AT4,Pickup truck: Standard,5.3,8,A6,16.7,13.1,15.1,355,high
GMC,Sierra 4WD,Pickup truck: Standard,5.3,8,A8,15.2,11.1,13.3,313,high
GMC,Sierra 4WD (Without DFM),Pickup truck: Standard,5.3,8,A8,17.4,11.7,14.8,349,high
GMC,Sierra 4WD AT4,Pickup truck: Standard,5.3,8,A8,15.2,11.1,13.3,312,high
GMC,Sierra 4WD AT4 (Without DFM),Pickup truck: Standard,5.3,8,A8,17.4,11.7,14.8,348,high
GMC,Sierra 4WD,Pickup truck: Standard,5.3,8,A10,14.3,10.7,12.7,298,high
GMC,Sierra 4WD (Without Stop-Start),Pickup truck: Standard,5.3,8,A10,15.3,11.0,13.3,313,high
GMC,Sierra 4WD AT4,Pickup truck: Standard,5.3,8,A10,14.7,11.2,13.1,307,high
GMC,Sierra 4WD AT4 (Without Stop-Start),Pickup truck: Standard,5.3,8,A10,15.6,11.4,13.7,321,high
GMC,Sierra 4WD,Pickup truck: Standard,6.2,8,A10,15.1,11.5,13.5,316,high
GMC,Sierra 4WD (Without Stop-Start),Pickup truck: Standard,6.2,8,A10,16.2,12.0,14.3,335,high
GMC,Sierra 4WD AT4,Pickup truck: Standard,6.2,8,A10,15.7,12.4,14.2,332,high
GMC,Sierra 4WD AT4 (Without Stop-Start),Pickup truck: Standard,6.2,8,A10,16.8,12.7,15.0,352,high
GMC,Terrain,SUV: Small,1.5,4,A9,9.2,7.8,8.6,201,normal
GMC,Terrain AWD,SUV: Small,1.5,4,A9,9.6,8.3,9.0,211,normal
GMC,Yukon,SUV: Standard,3.0,6,A10,11.3,8.6,10.1,272,high
GMC,Yukon,SUV: Standard,5.3,8,A10,14.3,11.8,13.2,309,high
GMC,Yukon (Without Stop-Start),SUV: Standard,5.3,8,A10,15.3,12.0,13.8,325,high
GMC,Yukon 4WD,SUV: Standard,3.0,6,A10,12.0,8.9,10.6,277,high
GMC,Yukon 4WD,SUV: Standard,5.3,8,A10,14.8,11.8,13.5,317,high
GMC,Yukon 4WD (Without Stop-Start),SUV: Standard,5.3,8,A10,15.5,12.0,13.9,327,high
GMC,Yukon 4WD,SUV: Standard,6.2,8,A10,16.8,12.4,14.8,347,high
GMC,Yukon 4WD (Without Stop-Start),SUV: Standard,6.2,8,A10,17.5,12.6,15.3,357,high
GMC,Yukon XL,SUV: Standard,3.0,6,A10,11.3,8.6,10.1,272,high
GMC,Yukon XL,SUV: Standard,5.3,8,A10,14.3,11.8,13.2,309,high
GMC,Yukon XL (Without Stop-Start),SUV: Standard,5.3,8,A10,15.3,12.0,13.8,325,high
GMC,Yukon XL 4WD,SUV: Standard,3.0,6,A10,12.0,8.9,10.6,277,high
GMC,Yukon XL 4WD,SUV: Standard,5.3,8,A10,15.3,12.4,14.0,328,high
GMC,Yukon XL 4WD (Without Stop-Start),SUV: Standard,5.3,8,A10,16.0,12.6,14.5,341,high
GMC,Yukon XL 4WD,SUV: Standard,6.2,8,A10,16.8,12.4,14.8,347,high
GMC,Yukon XL 4WD (Without Stop-Start),SUV: Standard,6.2,8,A10,17.5,12.6,15.3,357,high
Honda,Accord,Full-size,1.5,4,AV,7.8,6.5,7.2,168,normal
Honda,Accord Sport/Touring,Full-size,1.5,4,AV7,8.1,6.8,7.5,176,normal
Honda,Accord Sport/Touring,Full-size,2.0,4,AS10,10.4,7.4,9.1,211,normal
Honda,Accord Hybrid,Full-size,2.0,4,AV,5.0,5.0,5.0,117,normal
Honda,Accord Hybrid Sport/Touring,Full-size,2.0,4,AV,5.3,5.7,5.5,129,normal
Honda,Civic Hatchback,Full-size,1.5,4,M6,8.1,6.4,7.3,171,normal
Honda,Civic Hatchback Sport,Full-size,1.5,4,AV7,8.0,6.6,7.4,172,normal
Honda,Civic Hatchback Sport,Full-size,1.5,4,M6,8.1,6.4,7.3,171,normal
Honda,Civic Sedan,Mid-size,1.5,4,AV7,7.8,6.2,7.1,165,normal
Honda,Civic Sedan,Mid-size,2.0,4,AV,7.9,6.1,7.1,167,normal
Honda,Civic Sedan,Mid-size,2.0,4,AV7,8.2,6.5,7.4,172,normal
Honda,Civic Type R,Full-size,2.0,4,M6,10.5,8.4,9.6,223,normal
Honda,CR-V,SUV: Small,1.5,4,AV,8.3,7.0,7.7,180,normal
Honda,CR-V AWD,SUV: Small,1.5,4,AV,8.7,7.4,8.1,189,normal
Honda,HR-V,Station wagon: Small,1.8,4,AV,8.4,7.0,7.8,181,normal
Honda,HR-V AWD,Station wagon: Small,1.8,4,AV,8.8,7.5,8.2,193,normal
Honda,HR-V AWD,Station wagon: Small,1.8,4,AV7,9.1,7.7,8.5,200,normal
Honda,Insight EX,Mid-size,1.5,4,AV,4.6,5.3,4.9,115,normal
Honda,Insight Touring,Compact,1.5,4,AV,4.6,5.3,4.9,115,normal
Honda,Odyssey,Minivan,3.5,6,AS10,12.2,8.5,10.6,248,normal
Honda,Passport AWD,SUV: Small,3.5,6,AS9,12.5,9.8,11.3,265,high
Honda,Pilot AWD,SUV: Small,3.5,6,AS9,12.4,9.3,11.0,256,high
Honda,Ridgeline AWD,Pickup truck: Standard,3.5,6,AS9,12.8,9.9,11.5,271,high
Hyundai,Elantra,Mid-size,1.6,4,AM7,8.4,6.6,7.6,179,normal
Hyundai,Elantra,Mid-size,2.0,4,AV1,7.5,5.7,6.7,157,normal
Hyundai,Elantra (ISG),Mid-size,2.0,4,AV1,7.1,5.5,6.4,152,normal
Hyundai,Elantra,Mid-size,2.0,4,M6,9.1,6.3,7.8,185,normal
Hyundai,Elantra Hybrid Blue,Mid-size,1.6,4,AM6,4.5,4.2,4.4,103,normal
Hyundai,IONIQ,Full-size,1.6,4,AM6,4.3,4.1,4.2,99,normal
Hyundai,IONIQ Blue,Full-size,1.6,4,AM6,4.0,3.9,4.0,94,normal
Hyundai,Kona,SUV: Small,2.0,4,AS6,8.6,7.0,7.9,187,normal
Hyundai,Kona AWD,SUV: Small,1.6,4,AM7,9.0,8.0,8.6,201,normal
Hyundai,Kona AWD,SUV: Small,2.0,4,AS6,9.2,7.8,8.6,202,normal
Hyundai,Palisade,SUV: Standard,3.8,6,AS8,11.9,8.8,10.5,250,normal
Hyundai,Palisade AWD,SUV: Standard,3.8,6,AS8,12.3,9.6,11.1,265,high
Hyundai,Santa Fe,SUV: Small,2.5,4,AS8,9.6,8.5,9.1,214,normal
Hyundai,Santa Fe AWD,SUV: Small,2.5,4,AM8,11.0,8.5,9.9,233,normal
Hyundai,Santa Fe AWD,SUV: Small,2.5,4,AS8,10.6,9.3,10.0,235,normal
Hyundai,Santa Fe Hybrid,SUV: Small,1.6,4,AM6,7.1,7.9,7.4,176,normal
Hyundai,Sonata,Full-size,1.6,4,AS8,8.8,6.4,7.7,182,normal
Hyundai,Sonata,Full-size,2.5,4,AM8,10.1,7.2,8.8,208,normal
Hyundai,Sonata,Full-size,2.5,4,AS8,8.8,6.4,7.7,182,normal
Hyundai,Sonata Hybrid,Full-size,2.0,4,AM6,5.3,4.6,5.0,117,normal
Hyundai,Tucson,SUV: Small,2.0,4,AS6,10.0,7.9,9.1,216,normal
Hyundai,Tucson AWD,SUV: Small,2.0,4,AS6,10.8,9.2,10.1,239,normal
Hyundai,Tucson AWD,SUV: Small,2.4,4,AS6,11.0,9.1,10.1,241,normal
Hyundai,Veloster N,Compact,2.0,4,AM8,12.0,8.6,10.5,248,normal
Hyundai,Veloster N,Compact,2.0,4,M6,10.6,8.3,9.5,226,normal
Hyundai,Venue,Mid-size,1.6,4,AV1,7.9,7.0,7.5,178,normal
Hyundai,Venue,Mid-size,1.6,4,M6,8.6,6.8,7.8,184,normal
Infiniti,Q50 AWD,Mid-size,3.0,6,AS7,12.5,8.7,10.8,254,normal
Infiniti,Q50 AWD Red Sport,Mid-size,3.0,6,AS7,12.5,9.3,11.1,261,high
Infiniti,Q60 AWD,Subcompact,3.0,6,AS7,12.3,8.7,10.7,252,normal
Infiniti,Q60 AWD Red Sport,Subcompact,3.0,6,AS7,12.5,9.2,11.0,259,high
Infiniti,QX50 AWD,SUV: Small,2.0,4,AV8,10.8,8.3,9.7,229,normal
Infiniti,QX80 4WD,SUV: Standard,5.6,8,AS7,17.6,12.2,15.1,356,high
Jaguar,F-TYPE P300 Convertible,Two-seater,2.0,4,AS8,10.2,7.8,9.2,215,normal
Jaguar,F-TYPE P300 Coupe,Two-seater,2.0,4,AS8,10.2,7.8,9.2,215,normal
Jaguar,F-TYPE P380 AWD Convertible,Two-seater,3.0,6,AS8,13.0,9.2,11.3,265,high
Jaguar,F-TYPE P380 AWD Coupe,Two-seater,3.0,6,AS8,13.0,9.2,11.3,265,high
Jaguar,F-TYPE R AWD Convertible,Two-seater,5.0,8,AS8,15.2,9.8,12.7,299,high
Jaguar,F-TYPE R AWD Coupe,Two-seater,5.0,8,AS8,15.2,9.8,12.7,299,high
Jeep,Cherokee,SUV: Small,2.0,4,A9,10.4,7.6,9.1,214,normal
Jeep,Cherokee,SUV: Small,2.4,4,A9,10.8,7.5,9.3,219,normal
Jeep,Cherokee,SUV: Small,3.2,6,A9,11.9,8.2,10.2,240,normal
Jeep,Cherokee 4X4 Active Drive I,SUV: Small,2.0,4,A9,11.2,8.0,9.8,229,normal
Jeep,Cherokee 4X4 Active Drive I,SUV: Small,2.4,4,A9,11.2,8.0,9.8,230,normal
Jeep,Cherokee 4X4 Active Drive I,SUV: Small,3.2,6,A9,12.2,8.6,10.6,249,normal
Jeep,Cherokee 4X4 Active Drive II,SUV: Small,2.0,4,A9,11.5,8.6,10.2,240,normal
Jeep,Cherokee 4X4 Active Drive II,SUV: Small,3.2,6,A9,12.8,9.0,11.1,259,high
Jeep,Cherokee 4X4 Active Drive Lock,SUV: Small,3.2,6,A9,12.9,9.7,11.5,268,high
Jeep,Compass,SUV: Small,2.4,4,A6,10.6,7.6,9.3,218,normal
Jeep,Compass 4X4,SUV: Small,2.4,4,A9,10.8,7.8,9.5,222,normal
Jeep,Gladiator 4X4 EcoDiesel,Pickup truck: Standard,3.0,6,A8,10.8,8.5,9.8,263,high
Jeep,Gladiator 4X4 Rubicon EcoDiesel,Pickup truck: Standard,3.0,6,A8,11.0,8.7,10.0,271,high
Jeep,Gladiator 4X4,Pickup truck: Standard,3.6,6,A8,13.7,10.7,12.3,290,high
Jeep,Gladiator 4X4,Pickup truck: Standard,3.6,6,M6,14.3,10.4,12.6,296,high
Jeep,Grand Cherokee 4X4,SUV: Standard,3.6,6,A8,12.7,9.6,11.3,265,high
Jeep,Grand Cherokee 4X4,SUV: Standard,5.7,8,A8,16.7,10.9,14.1,331,high
Jeep,Grand Cherokee 4X4 SRT,SUV: Standard,6.4,8,A8,18.3,12.6,15.7,368,high
Jeep,Grand Cherokee 4X4 Trackhawk,SUV: Standard,6.2,8,A8,20.9,13.8,17.7,413,high
Jeep,Grand Cherokee L 4X4,SUV: Standard,3.6,6,A8,13.0,9.4,11.3,266,high
Jeep,Grand Cherokee L 4X4,SUV: Standard,5.7,8,A8,16.7,10.9,14.1,331,high
Jeep,Renegade,SUV: Small,1.3,4,A9,9.8,7.4,8.7,204,normal
Jeep,Renegade,SUV: Small,2.4,4,A9,10.8,7.8,9.5,222,normal
Jeep,Renegade 4X4,SUV: Small,1.3,4,A9,10.1,8.1,9.2,222,normal
Jeep,Renegade 4X4 Trailhawk,SUV: Small,1.3,4,A9,10.8,8.7,9.9,231,normal
Jeep,Renegade 4X4,SUV: Small,2.4,4,A9,11.2,8.2,9.8,230,normal
Jeep,Wrangler JL 4X4,SUV: Small,2.0,4,A8,10.7,9.8,10.3,241,normal
Jeep,Wrangler JL 4X4,SUV: Small,3.6,6,A8,12.8,10.4,11.8,274,high
Jeep,Wrangler JL 4X4 eTorque,SUV: Small,3.6,6,A8,12.0,9.8,11.0,258,high
Jeep,Wrangler JL 4X4,SUV: Small,3.6,6,M6,13.7,9.6,11.8,277,high
Jeep,Wrangler JL Unlimited 4X4,SUV: Small,2.0,4,A8,11.5,9.9,10.8,251,normal
Jeep,Wrangler JL Unlimited 4X4 EcoDiesel,SUV: Small,3.0,6,A8,10.6,8.1,9.5,255,high
Jeep,Wrangler JL Unlimited 4X4 Rubicon EcoDiesel,SUV: Small,3.0,6,A8,11.2,9.0,10.2,275,high
Jeep,Wrangler JL Unlimited 4X4,SUV: Small,3.6,6,A8,12.9,10.7,11.9,280,high
Jeep,Wrangler JL Unlimited 4X4 eTorque,SUV: Small,3.6,6,A8,12.3,9.9,11.2,262,high
Jeep,Wrangler JL Unlimited 4X4,SUV: Small,3.6,6,M6,13.8,10.1,12.2,285,high
Kia,Forte,Mid-size,1.6,4,AM7,8.7,6.6,7.8,184,normal
Kia,Forte,Mid-size,2.0,4,AV,7.8,5.9,6.9,164,normal
Kia,Forte,Mid-size,2.0,4,M6,8.6,6.4,7.6,180,normal
Kia,Forte 5,Full-size,1.6,4,AM7,8.9,6.9,8.0,190,normal
Kia,Forte 5,Full-size,1.6,4,M6,9.9,7.6,8.8,209,normal
Kia,Forte 5,Full-size,2.0,4,AV,8.0,6.0,7.1,169,normal
Kia,K5,Full-size,2.5,4,AM8,9.9,7.3,8.7,207,normal
Kia,K5 AWD,Full-size,1.6,4,AS8,9.2,6.9,8.2,193,normal
Kia,Niro,Station wagon: Small,1.6,4,AM6,4.4,4.9,4.6,110,normal
Kia,Niro FE,Station wagon: Small,1.6,4,AM6,4.4,4.9,4.6,110,normal
Kia,Niro Touring,Station wagon: Small,1.6,4,AM6,5.0,5.6,5.3,124,normal
Kia,Rio,Compact,1.6,4,AV1,7.2,6.0,6.7,159,normal
Kia,Rio,Compact,1.6,4,M6,7.7,6.1,7.0,166,normal
Kia,Sedona,Minivan,3.3,6,AS8,12.7,10.0,11.5,272,high
Kia,Seltos,SUV: Small,2.0,4,AV8,8.2,7.1,7.7,182,normal
Kia,Seltos AWD,SUV: Small,1.6,4,AM7,9.4,7.9,8.7,205,normal
Kia,Seltos AWD,SUV: Small,2.0,4,AV8,8.8,7.6,8.2,195,normal
Kia,Sorento AWD,SUV: Small,2.5,4,AM8,11.1,8.4,9.9,233,normal
Kia,Sorento AWD,SUV: Small,2.5,4,AS8,10.1,9.2,9.7,227,normal
Kia,Soul,Station wagon: Small,2.0,4,AV,8.5,7.0,7.9,187,normal
Kia,Sportage,SUV: Small,2.4,4,AS6,10.1,7.6,9.0,214,normal
Kia,Sportage AWD,SUV: Small,2.0,4,AS6,12.1,9.6,11.0,261,high
Kia,Sportage AWD,SUV: Small,2.4,4,AS6,10.7,9.0,10.0,237,normal
Kia,Stinger AWD,Mid-size,3.3,6,AS8,13.6,9.6,11.8,279,high
Kia,Telluride AWD,SUV: Small,3.8,6,AS8,12.6,9.7,11.3,265,high
Lamborghini,Aventador Coupe S,Two-seater,6.5,12,AM7,27.9,15.7,22.4,520,high
Lamborghini,Aventador Coupe SVJ,Two-seater,6.5,12,AM7,27.9,15.7,22.4,520,high
Lamborghini,Aventador Roadster S,Two-seater,6.5,12,AM7,27.3,15.9,22.2,515,high
Lamborghini,Aventador Roadster SVJ,Two-seater,6.5,12,AM7,27.3,15.9,22.2,515,high
Lamborghini,Huracan,Two-seater,5.2,10,AM7,18.0,12.9,15.7,370,high
Lamborghini,Huracan AWD,Two-seater,5.2,10,AM7,18.0,12.9,15.7,371,high
Lamborghini,Huracan Spyder,Two-seater,5.2,10,AM7,18.0,12.9,15.7,370,high
Lamborghini,Huracan Spyder AWD,Two-seater,5.2,10,AM7,18.0,12.9,15.7,371,high
Lamborghini,Urus,SUV: Standard,4.0,8,AS8,19.2,14.1,16.9,384,high
Lexus,ES 250 AWD,Mid-size,2.5,4,AS8,9.5,7.0,8.4,197,normal
Lexus,ES 300h,Mid-size,2.5,4,AV6,5.5,5.2,5.3,124,normal
Lexus,ES 350,Mid-size,3.5,6,AS8,10.7,7.2,9.1,213,normal
Lexus,ES 350 F SPORT,Mid-size,3.5,6,AS8,10.9,7.5,9.4,219,normal
Lexus,GX 460,SUV: Standard,4.6,8,AS6,16.2,12.3,14.5,337,high
Lexus,IS 300,Compact,2.0,4,AS8,11.0,7.6,9.5,221,normal
Lexus,IS 300 AWD,Compact,3.5,6,AS6,12.2,9.0,10.8,253,normal
Lexus,IS 350 AWD,Compact,3.5,6,AS6,12.2,9.0,10.8,253,normal
Lexus,LC 500,Subcompact,5.0,8,AS10,15.1,9.6,12.6,294,high
Lexus,LC 500 Convertible,Minicompact,5.0,8,AS10,16.0,9.5,13.0,304,high
Lexus,LC 500h,Subcompact,3.5,6,AV10,9.0,7.1,8.1,189,normal
Lexus,LS 500 AWD,Mid-size,3.5,6,AS10,13.8,8.7,11.1,269,high
Lexus,LS 500h AWD,Mid-size,3.5,6,AV10,10.1,8.1,9.2,213,normal
Lexus,LX 570,SUV: Standard,5.7,8,AS8,19.2,14.3,16.9,395,high
Lexus,NX 300 AWD,SUV: Small,2.0,4,AS6,10.7,8.5,9.7,226,normal
Lexus,NX 300 AWD F SPORT,SUV: Small,2.0,4,AS6,10.8,8.9,9.9,232,normal
Lexus,NX 300h AWD,SUV: Small,2.5,4,AV6,7.2,7.9,7.5,175,normal
Lexus,RC 300 AWD,Subcompact,3.5,6,AS6,12.2,9.0,10.8,253,normal
Lexus,RC 350 AWD,Subcompact,3.5,6,AS6,12.2,9.0,10.8,253,normal
Lexus,RC F,Subcompact,5.0,8,AS8,14.4,9.6,12.2,285,high
Lexus,RX 350 AWD,SUV: Small,3.5,6,AS8,12.2,9.0,10.8,252,normal
Lexus,RX 350 L AWD,SUV: Small,3.5,6,AS8,13.1,9.4,11.1,268,high
Lexus,RX 450h AWD,SUV: Standard,3.5,6,AV6,7.5,8.4,7.9,185,normal
Lexus,RX 450h L AWD,SUV: Standard,3.5,6,AV6,8.1,8.4,8.1,190,normal
Lexus,UX 200,Mid-size,2.0,4,AS10,8.0,6.3,7.2,168,normal
Lexus,UX 250h,Compact,2.0,4,AV6,5.5,5.7,5.6,130,normal
Lexus,UX 250h AWD,Compact,2.0,4,AV6,5.7,6.2,6.0,140,normal
Lincoln,Aviator AWD,SUV: Standard,3.0,6,AS10,13.7,9.7,11.9,280,high
Lincoln,Corsair AWD,SUV: Small,2.0,4,AS8,11.1,8.1,9.8,229,normal
Lincoln,Corsair AWD,SUV: Small,2.3,4,AS8,11.1,8.3,9.9,232,normal
Lincoln,Nautilus AWD,SUV: Small,2.0,4,A8,12.0,9.6,10.7,252,normal
Lincoln,Nautilus AWD,SUV: Small,2.0,4,AS8,12.0,9.6,10.7,252,normal
Lincoln,Nautilus AWD,SUV: Small,2.7,6,AS8,12.6,9.3,11.1,262,high
Lincoln,Navigator 4X4,SUV: Standard,3.5,6,AS10,15.0,11.5,13.5,316,high
Maserati,Ghibli,Mid-size,3.0,6,AS8,13.8,9.5,11.9,277,high
Maserati,Ghibli S,Mid-size,3.0,6,AS8,13.8,9.5,11.9,277,high
Maserati,Ghibli S Q4,Mid-size,3.0,6,AS8,14.8,9.8,12.6,293,high
Maserati,Ghibli Trofeo,Mid-size,3.8,8,AS8,17.4,11.9,14.9,348,high
Maserati,Levante,SUV: Standard,3.0,6,AS8,15.1,10.9,13.2,308,high
Maserati,Levante S,SUV: Standard,3.0,6,AS8,15.1,10.9,13.2,308,high
Maserati,Levante GTS,SUV: Standard,3.8,8,AS8,17.4,12.0,15.0,349,high
Maserati,Levante Trofeo,SUV: Standard,3.8,8,AS8,17.4,12.0,15.0,349,high
Maserati,Quattroporte S,Full-size,3.0,6,AS8,14.6,9.9,12.5,291,high
Maserati,Quattroporte S Q4,Full-size,3.0,6,AS8,14.8,9.8,12.6,293,high
Maserati,Quattroporte Trofeo,Full-size,3.8,8,AS8,17.4,11.9,14.9,348,high
Mazda,CX-3,Compact,2.0,4,AS6,8.3,6.9,7.7,179,normal
Mazda,CX-3 (SIL),Compact,2.0,4,M6,8.8,7.0,8.0,186,normal
Mazda,CX-3 4WD,Compact,2.0,4,AS6,8.6,7.4,8.1,189,normal
Mazda,CX-30,SUV: Small,2.0,4,AS6,8.9,7.1,8.1,189,normal
Mazda,CX-30,SUV: Small,2.5,4,AS6,9.3,7.1,8.3,194,normal
Mazda,CX-30 4WD,SUV: Small,2.0,4,AS6,9.4,7.7,8.6,202,normal
Mazda,CX-30 4WD,SUV: Small,2.5,4,AS6,9.9,7.7,8.9,208,normal
Mazda,CX-30 Turbo 4WD,SUV: Small,2.5,4,AS6,10.5,7.9,9.3,220,normal
Mazda,CX-5,SUV: Small,2.5,4,AS6,9.7,7.8,8.8,206,normal
Mazda,CX-5 (Cylinder Deactivation),SUV: Small,2.5,4,AS6,9.3,7.6,8.5,201,normal
Mazda,CX-5 4WD,SUV: Small,2.5,4,AS6,10.2,8.2,9.3,217,normal
Mazda,CX-5 4WD (Cylinder Deactivation),SUV: Small,2.5,4,AS6,9.8,7.9,9.0,209,normal
Mazda,CX-5 Turbo 4WD,SUV: Small,2.5,4,AS6,10.8,8.7,9.8,230,normal
Mazda,CX-9 4WD,SUV: Small,2.5,4,AS6,11.6,9.1,10.5,244,normal
Mazda,Mazda3 4-Door,Compact,2.0,4,AS6,8.4,6.6,7.6,178,normal
Mazda,Mazda3 4-Door (SIL),Compact,2.0,4,M6,8.7,6.4,7.7,180,normal
Mazda,Mazda3 4-Door,Compact,2.5,4,AS6,8.9,6.5,7.8,184,normal
Mazda,Mazda3 4-Door 4WD,Compact,2.5,4,AS6,9.3,7.0,8.2,193,normal
Mazda,Mazda3 4-Door Turbo 4WD,Compact,2.5,4,AS6,10.1,7.3,8.8,207,normal
Mazda,Mazda3 5-Door,Mid-size,2.0,4,AS6,8.6,6.7,7.7,181,normal
Mazda,Mazda3 5-Door (SIL),Mid-size,2.0,4,M6,8.7,6.6,7.8,181,normal
Mazda,Mazda3 5-Door,Mid-size,2.5,4,AS6,9.2,6.9,8.1,190,normal
Mazda,Mazda3 5-Door (SIL),Mid-size,2.5,4,M6,9.5,7.0,8.4,197,normal
Mazda,Mazda3 5-Door 4WD,Mid-size,2.5,4,AS6,9.5,7.4,8.5,200,normal
Mazda,Mazda3 5-Door Turbo 4WD,Mid-size,2.5,4,AS6,10.1,7.5,8.9,209,normal
Mazda,Mazda6,Mid-size,2.5,4,AS6,9.1,6.7,8.0,187,normal
Mazda,Mazda6 Turbo,Mid-size,2.5,4,AS6,10.0,7.5,8.9,208,normal
Mazda,MX-5,Two-seater,2.0,4,AS6,9.0,6.6,7.9,186,normal
Mazda,MX-5 (SIL),Two-seater,2.0,4,M6,9.0,7.0,8.1,189,normal
Mercedes-Benz,A 220 4MATIC Sedan,Subcompact,2.0,4,AM7,9.6,6.9,8.4,197,normal
Mercedes-Benz,A 250 4MATIC Hatch,Station wagon: Small,2.0,4,AM7,9.4,6.8,8.2,193,normal
Mercedes-Benz,AMG A 35 4MATIC Sedan,Subcompact,2.0,4,AM7,10.7,8.2,9.5,224,normal
Mercedes-Benz,AMG A 35 4MATIC Hatch,Station wagon: Small,2.0,4,AM7,10.6,8.2,9.5,224,normal
Mercedes-Benz,AMG C 43 4MATIC Sedan,Compact,3.0,6,A9,13.4,8.7,11.3,266,high
Mercedes-Benz,AMG C 43 4MATIC Cabriolet,Subcompact,3.0,6,A9,12.3,8.7,10.7,251,normal
Mercedes-Benz,AMG C 43 4MATIC Coupe,Subcompact,3.0,6,A9,12.5,8.8,10.8,254,normal
Mercedes-Benz,AMG C 43 4MATIC Wagon,Station wagon: Small,3.0,6,A9,12.3,8.5,10.6,249,normal
Mercedes-Benz,AMG C 63 Sedan,Compact,4.0,8,A9,13.5,8.9,11.4,269,high
Mercedes-Benz,AMG C 63 S Sedan,Compact,4.0,8,A9,13.5,8.9,11.4,269,high
Mercedes-Benz,AMG C 63 S Cabriolet,Subcompact,4.0,8,A9,13.9,9.6,12.0,281,high
Mercedes-Benz,AMG C 63 S Coupe,Subcompact,4.0,8,A9,13.7,9.1,11.6,273,high
Mercedes-Benz,AMG CLA 35 4MATIC Coupe,Compact,2.0,4,AM7,10.7,8.2,9.5,224,normal
Mercedes-Benz,AMG CLA 45 4MATIC Coupe,Compact,2.0,4,AM8,12.0,8.2,10.3,242,normal
Mercedes-Benz,AMG CLS 53 4MATIC+ Coupe,Compact,3.0,6,A9,11.3,9.0,10.3,242,normal
Mercedes-Benz,AMG E 53 4MATIC+ Sedan,Mid-size,3.0,6,A9,10.7,8.2,9.5,225,normal
Mercedes-Benz,AMG E 53 4MATIC+ Cabriolet,Subcompact,3.0,6,A9,11.3,8.8,10.2,239,normal
Mercedes-Benz,AMG E 53 4MATIC+ Coupe,Subcompact,3.0,6,A9,11.2,8.5,10.0,235,normal
Mercedes-Benz,AMG E 53 4MATIC+ Wagon,Station wagon: Mid-size,3.0,6,A9,11.3,8.7,10.1,238,normal
Mercedes-Benz,AMG E 63 S 4MATIC+ Sedan,Mid-size,4.0,8,A9,15.0,10.1,12.8,301,high
Mercedes-Benz,AMG E 63 S 4MATIC+ Wagon,Station wagon: Mid-size,4.0,8,A9,14.7,10.4,12.8,300,high
Mercedes-Benz,AMG G 63 SUV,SUV: Standard,4.0,8,A9,18.6,15.5,17.2,396,high
Mercedes-Benz,AMG GLA 35 4MATIC SUV,SUV: Small,2.0,4,AM8,10.4,8.1,9.4,219,normal
Mercedes-Benz,AMG GLA 45 4MATIC SUV,SUV: Small,2.0,4,AM8,11.6,8.8,10.4,243,normal
Mercedes-Benz,AMG GLB 35 SUV,SUV: Small,2.0,4,AM8,11.1,8.9,10.1,237,normal
Mercedes-Benz,AMG GLC 43 4MATIC SUV,SUV: Small,3.0,6,A9,13.1,9.6,11.6,272,high
Mercedes-Benz,AMG GLC 43 4MATIC Coupe,SUV: Small,3.0,6,A9,13.5,9.6,11.7,277,high
Mercedes-Benz,AMG GLC 63 S 4MATIC+ SUV,SUV: Small,4.0,8,A9,15.7,10.9,13.5,319,high
Mercedes-Benz,AMG GLC 63 S 4MATIC+ Coupe,SUV: Small,4.0,8,A9,15.2,10.8,13.2,311,high
Mercedes-Benz,AMG GLE 53 4MATIC+ SUV,SUV: Standard,3.0,6,A9,13.2,10.8,12.1,285,high
Mercedes-Benz,AMG GLE 53 4MATIC+ Coupe,SUV: Standard,3.0,6,A9,12.7,10.4,11.7,273,high
Mercedes-Benz,AMG GLE 63 S 4MATIC+ SUV,SUV: Standard,4.0,8,A9,16.2,12.5,14.5,340,high
Mercedes-Benz,AMG GLE 63 S 4MATIC+ Coupe,SUV: Standard,4.0,8,A9,16.3,12.8,14.7,347,high
Mercedes-Benz,AMG GLS 63 4MATIC+ SUV,SUV: Standard,4.0,8,A9,16.3,12.9,14.8,347,high
Mercedes-Benz,AMG GT 53 4MATIC+ Coupe,Compact,3.0,6,A9,11.9,9.6,10.9,255,high
Mercedes-Benz,AMG GT 63 4MATIC+ Coupe,Compact,4.0,8,A9,15.6,11.5,13.7,322,high
Mercedes-Benz,AMG GT 63 S 4MATIC+ Coupe,Compact,4.0,8,A9,15.1,11.1,13.3,312,high
Mercedes-Benz,AMG GT Black Series Coupe,Two-seater,4.0,8,AM7,15.6,12.0,13.9,328,high
Mercedes-Benz,AMG GT C Coupe,Two-seater,4.0,8,AM7,15.9,12.1,14.2,332,high
Mercedes-Benz,AMG GT C Roadster,Two-seater,4.0,8,AM7,15.8,12.0,14.1,330,high
Mercedes-Benz,AMG GT R Coupe,Two-seater,4.0,8,AM7,16.4,12.0,14.4,339,high
Mercedes-Benz,AMG S 63 4MATIC+ Cabriolet,Subcompact,4.0,8,A9,16.3,10.0,13.5,317,high
Mercedes-Benz,AMG S 63 4MATIC+ Coupe,Compact,4.0,8,A9,15.1,9.2,12.4,293,high
Mercedes-Benz,C 300 4MATIC Sedan,Compact,2.0,4,A9,10.1,7.1,8.7,204,normal
Mercedes-Benz,C 300 4MATIC Cabriolet,Subcompact,2.0,4,A9,10.8,7.9,9.5,223,normal
Mercedes-Benz,C 300 4MATIC Coupe,Subcompact,2.0,4,A9,10.2,7.4,9.0,210,normal
Mercedes-Benz,C 300 4MATIC Wagon,Station wagon: Small,2.0,4,A9,10.5,7.5,9.1,214,normal
Mercedes-Benz,CLA 250 4MATIC Coupe,Compact,2.0,4,AM7,9.8,7.1,8.6,201,normal
Mercedes-Benz,CLS 450 4MATIC Coupe,Compact,3.0,6,A9,10.5,8.1,9.4,222,normal
Mercedes-Benz,E 350 4MATIC Sedan,Mid-size,2.0,4,A9,10.7,7.8,9.4,221,normal
Mercedes-Benz,E 450 4MATIC Sedan,Mid-size,3.0,6,A9,10.4,7.8,9.2,217,normal
Mercedes-Benz,E 450 4MATIC Cabriolet,Subcompact,3.0,6,A9,10.4,8.0,9.3,219,normal
Mercedes-Benz,E 450 4MATIC Coupe,Subcompact,3.0,6,A9,10.3,7.9,9.3,218,normal
Mercedes-Benz,E 450 4MATIC All-Terrain Wagon,Station wagon: Mid-size,3.0,6,A9,10.6,8.4,9.6,226,normal
Mercedes-Benz,G 550 SUV,SUV: Standard,4.0,8,A9,13.6,12.4,13.1,307,high
Mercedes-Benz,GLA 250 4MATIC SUV,SUV: Small,2.0,4,AM8,9.8,7.2,8.7,203,normal
Mercedes-Benz,GLB 250 4MATIC SUV,SUV: Small,2.0,4,AM8,10.3,7.8,9.2,216,normal
Mercedes-Benz,GLC 300 4MATIC SUV,SUV: Small,2.0,4,A9,11.3,8.5,10.0,235,normal
Mercedes-Benz,GLC 300 4MATIC Coupe,SUV: Small,2.0,4,A9,10.6,8.4,9.6,226,normal
Mercedes-Benz,GLE 350 4MATIC SUV,SUV: Standard,2.0,4,A9,12.4,9.0,10.8,254,normal
Mercedes-Benz,GLE 450 4MATIC SUV,SUV: Standard,3.0,6,A9,11.4,9.2,10.4,244,normal
Mercedes-Benz,GLS 450 4MATIC SUV,SUV: Standard,3.0,6,A9,12.0,9.8,11.0,257,high
Mercedes-Benz,GLS 580 4MATIC SUV,SUV: Standard,4.0,8,A9,14.5,11.2,13.0,305,high
Mercedes-Benz,Maybach GLS 600 4MATIC SUV,SUV: Standard,4.0,8,A9,16.6,12.5,14.8,346,high
Mercedes-Benz,Maybach S 580 4MATIC Sedan,Full-size,4.0,8,A9,15.5,9.8,12.9,301,high
Mercedes-Benz,Metris Cargo Van,Special purpose vehicle,2.0,4,A9,12.6,10.0,11.5,268,high
Mercedes-Benz,Metris Cargo Van LWB,Special purpose vehicle,2.0,4,A9,12.6,10.0,11.5,268,high
Mercedes-Benz,Metris Passenger Van,Special purpose vehicle,2.0,4,A9,13.3,10.8,12.2,284,high
Mercedes-Benz,S 500 4MATIC SWB Sedan,Full-size,3.0,6,A9,11.3,8.0,9.8,230,normal
Mercedes-Benz,S 560 Cabriolet,Subcompact,4.0,8,A9,14.5,9.0,12.0,282,high
Mercedes-Benz,S 560 4MATIC Coupe,Compact,4.0,8,A9,14.5,9.0,12.0,282,high
Mercedes-Benz,S 580 4MATIC LWB Sedan,Full-size,4.0,8,A9,14.4,9.4,12.2,285,high
MINI,Cooper 3 Door,Subcompact,1.5,3,AM7,8.4,6.5,7.5,176,normal
MINI,Cooper 3 Door,Subcompact,1.5,3,M6,8.8,6.4,7.7,180,normal
MINI,Cooper 5 Door,Subcompact,1.5,3,AM7,8.4,6.5,7.5,176,normal
MINI,Cooper 5 Door,Subcompact,1.5,3,M6,8.8,6.4,7.7,180,normal
MINI,Cooper Clubman ALL4,Mid-size,1.5,3,AS8,9.7,7.0,8.5,198,normal
MINI,Cooper Convertible,Minicompact,1.5,3,AM7,8.4,6.5,7.5,176,normal
MINI,Cooper Convertible,Minicompact,1.5,3,M6,8.8,6.4,7.7,180,normal
MINI,Cooper Countryman ALL4,Mid-size,1.5,3,AS8,10.0,7.4,8.8,206,normal
MINI,Cooper S 3 Door,Subcompact,2.0,4,AM7,8.9,6.6,7.9,184,normal
MINI,Cooper S 3 Door,Subcompact,2.0,4,M6,10.2,7.1,8.8,206,normal
MINI,Cooper S 5 Door,Subcompact,2.0,4,AM7,8.9,6.6,7.9,184,normal
MINI,Cooper S 5 Door,Subcompact,2.0,4,M6,10.2,7.1,8.8,206,normal
MINI,Cooper S Clubman ALL4,Mid-size,2.0,4,AS8,10.1,7.4,8.9,207,normal
MINI,Cooper S Convertible,Minicompact,2.0,4,AM7,9.1,6.9,8.1,191,normal
MINI,Cooper S Convertible,Minicompact,2.0,4,M6,10.3,7.3,9.0,209,normal
MINI,Cooper S Countryman ALL4,Mid-size,2.0,4,AS8,10.4,7.5,9.1,212,normal
MINI,John Cooper Works 3 Door,Subcompact,2.0,4,AS8,9.2,6.9,8.1,190,normal
MINI,John Cooper Works 3 Door,Subcompact,2.0,4,M6,10.2,7.1,8.8,206,normal
MINI,John Cooper Works Clubman ALL4,Mid-size,2.0,4,AS8,10.1,7.6,9.0,210,normal
MINI,John Cooper Works Convertible,Minicompact,2.0,4,AS8,9.4,7.1,8.3,194,normal
MINI,John Cooper Works Countryman ALL4,Mid-size,2.0,4,AS8,10.0,7.8,9.0,210,normal
MINI,John Cooper Works GP,Subcompact,2.0,4,AS8,9.9,7.8,8.9,208,normal
Mitsubishi,Mirage,Compact,1.2,3,AV,6.6,5.6,6.2,143,normal
Mitsubishi,Mirage,Compact,1.2,3,M5,7.1,5.8,6.5,151,normal
Mitsubishi,RVR,SUV: Small,2.0,4,AV6,9.7,7.8,8.8,206,normal
Mitsubishi,RVR 4WD,SUV: Small,2.0,4,AV6,10.1,8.2,9.2,213,normal
Mitsubishi,RVR 4WD,SUV: Small,2.4,4,AV6,10.3,8.3,9.4,218,normal
Nissan,Altima AWD,Mid-size,2.5,4,AV,9.1,6.5,7.9,187,normal
Nissan,Altima AWD SR/Platinum,Mid-size,2.5,4,AV,9.3,6.7,8.1,190,normal
Nissan,Armada 4WD,SUV: Standard,5.6,8,AS7,17.5,12.9,15.4,362,high
Nissan,GT-R,Subcompact,3.8,6,AM6,14.4,10.9,12.8,300,high
Nissan,Kicks,Mid-size,1.6,4,AV,7.7,6.6,7.2,169,normal
Nissan,Maxima,Mid-size,3.5,6,AV7,11.6,7.9,9.9,233,normal
Nissan,Murano,Station wagon: Mid-size,3.5,6,AV7,11.7,8.3,10.2,240,normal
Nissan,Murano AWD,Station wagon: Mid-size,3.5,6,AV7,12.0,8.5,10.4,245,normal
Nissan,NV200 Cargo Van,Special purpose vehicle,2.0,4,AV,9.9,9.1,9.5,223,normal
Nissan,Qashqai,Station wagon: Small,2.0,4,AV8,8.8,7.3,8.1,191,normal
Nissan,Qashqai,Station wagon: Small,2.0,4,M6,9.9,8.0,9.0,212,normal
Nissan,Qashqai AWD,Station wagon: Small,2.0,4,AV8,9.0,7.6,8.4,197,normal
Nissan,Rogue,SUV: Small,2.5,4,AV8,8.9,7.0,8.1,189,normal
Nissan,Rogue AWD,SUV: Small,2.5,4,AV8,9.2,7.2,8.3,195,normal
Nissan,Sentra,Mid-size,2.0,4,AV,8.0,6.0,7.1,167,normal
Nissan,Sentra SR,Mid-size,2.0,4,AV,8.2,6.2,7.3,171,normal
Nissan,Sentra,Mid-size,2.0,4,M6,9.3,6.3,8.0,187,normal
Nissan,Sentra SR,Mid-size,2.0,4,M6,9.4,6.5,8.1,190,normal
Nissan,Titan 4WD,Pickup truck: Standard,5.6,8,AS9,15.2,11.1,13.4,314,high
Nissan,Titan 4WD Pro-4X,Pickup truck: Standard,5.6,8,AS9,15.4,11.4,13.6,321,high
Nissan,Versa,Compact,1.6,4,AV,7.4,5.9,6.7,158,normal
Nissan,Versa,Compact,1.6,4,M5,8.6,6.7,7.7,181,normal
Porsche,718 Boxster,Two-seater,2.0,4,AM7,11.0,8.7,10.0,233,normal
Porsche,718 Boxster,Two-seater,2.0,4,M6,11.7,8.9,10.5,245,normal
Porsche,718 Boxster GTS 4.0,Two-seater,4.0,6,AM7,12.3,9.8,11.1,260,high
Porsche,718 Boxster GTS 4.0,Two-seater,4.0,6,M6,14.0,10.0,12.2,284,high
Porsche,718 Boxster S,Two-seater,2.5,4,AM7,12.2,9.2,10.9,255,high
Porsche,718 Boxster S,Two-seater,2.5,4,M6,12.5,9.6,11.2,263,high
Porsche,718 Boxster T,Two-seater,2.0,4,AM7,11.2,8.7,10.1,236,normal
Porsche,718 Boxster T,Two-seater,2.0,4,M6,11.7,8.9,10.5,245,normal
Porsche,718 Cayman,Two-seater,2.0,4,AM7,11.0,8.7,10.0,233,normal
Porsche,718 Cayman,Two-seater,2.0,4,M6,11.7,8.9,10.5,245,normal
Porsche,718 Cayman GT4,Two-seater,4.0,6,AM7,13.0,9.9,11.6,271,high
Porsche,718 Cayman GT4,Two-seater,4.0,6,M6,14.0,10.1,12.2,286,high
Porsche,718 Cayman GTS 4.0,Two-seater,4.0,6,AM7,12.3,9.8,11.1,260,high
Porsche,718 Cayman GTS 4.0,Two-seater,4.0,6,M6,14.0,10.0,12.2,284,high
Porsche,718 Cayman S,Two-seater,2.5,4,AM7,12.2,9.2,10.9,255,high
Porsche,718 Cayman S,Two-seater,2.5,4,M6,12.5,9.6,11.2,263,high
Porsche,718 Cayman T,Two-seater,2.0,4,AM7,11.2,8.7,10.1,236,normal
Porsche,718 Cayman T,Two-seater,2.0,4,M6,11.7,8.9,10.5,245,normal
Porsche,718 Spyder,Two-seater,4.0,6,AM7,13.0,9.9,11.6,271,high
Porsche,718 Spyder,Two-seater,4.0,6,M6,14.0,10.1,12.2,286,high
Porsche,911 Carrera,Minicompact,3.0,6,AM8,13.1,9.8,11.6,275,high
Porsche,911 Carrera Cabriolet,Minicompact,3.0,6,AM8,13.1,9.8,11.6,275,high
Porsche,911 Carrera S,Minicompact,3.0,6,AM8,12.9,10.2,11.7,274,high
Porsche,911 Carrera S,Minicompact,3.0,6,M7,12.8,9.4,11.3,264,high
Porsche,911 Carrera S Cabriolet,Minicompact,3.0,6,AM8,12.9,10.2,11.7,273,high
Porsche,911 Carrera S Cabriolet,Minicompact,3.0,6,M7,13.8,9.4,11.8,275,high
Porsche,911 Carrera 4,Minicompact,3.0,6,AM8,13.1,9.8,11.6,275,high
Porsche,911 Carrera 4 Cabriolet,Minicompact,3.0,6,AM8,13.1,9.7,11.6,275,high
Porsche,911 Carrera 4S,Minicompact,3.0,6,AM8,13.0,10.2,11.8,275,high
Porsche,911 Carrera 4S,Minicompact,3.0,6,M7,13.8,9.3,11.8,275,high
Porsche,911 Carrera 4S Cabriolet,Minicompact,3.0,6,AM8,12.8,10.2,11.7,273,high
Porsche,911 Carrera 4S Cabriolet,Minicompact,3.0,6,M7,13.8,9.8,12.0,281,high
Porsche,911 Targa 4,Minicompact,3.0,6,AM8,13.1,9.8,11.6,275,high
Porsche,911 Targa 4S,Minicompact,3.0,6,AM8,13.1,10.2,11.8,274,high
Porsche,911 Targa 4S,Minicompact,3.0,6,M7,13.7,9.8,11.9,278,high
Porsche,911 Turbo,Minicompact,3.7,6,AM8,15.2,11.9,13.7,321,high
Porsche,911 Turbo Cabriolet,Minicompact,3.7,6,AM8,15.6,11.8,13.9,324,high
Porsche,911 Turbo S,Minicompact,3.7,6,AM8,15.3,11.8,13.7,321,high
Porsche,911 Turbo S Cabriolet,Minicompact,3.7,6,AM8,16.0,11.8,14.1,328,high
Porsche,Cayenne,SUV: Standard,3.0,6,AS8,12.5,10.3,11.5,269,high
Porsche,Cayenne Coupe,SUV: Standard,3.0,6,AS8,12.7,10.3,11.6,271,high
Porsche,Cayenne GTS,SUV: Standard,4.0,8,AS8,15.8,12.3,14.2,331,high
Porsche,Cayenne GTS Coupe,SUV: Standard,4.0,8,AS8,15.2,12.4,14.0,326,high
Porsche,Cayenne S,SUV: Standard,2.9,6,AS8,13.1,10.5,11.9,278,high
Porsche,Cayenne S Coupe,SUV: Standard,2.9,6,AS8,13.4,10.9,12.3,286,high
Porsche,Cayenne Turbo,SUV: Standard,4.0,8,AS8,15.6,12.4,14.1,329,high
Porsche,Cayenne Turbo Coupe,SUV: Standard,4.0,8,AS8,15.8,12.2,14.2,332,high
Porsche,Macan,SUV: Small,2.0,4,AM7,12.2,10.2,11.3,264,high
Porsche,Macan GTS,SUV: Small,2.9,6,AM7,13.5,10.5,12.2,285,high
Porsche,Macan S,SUV: Small,3.0,6,AM7,13.1,9.6,11.5,274,high
Porsche,Macan Turbo,SUV: Small,2.9,6,AM7,13.5,11.2,12.5,293,high
Porsche,Panamera,Full-size,2.9,6,AM8,13.1,9.8,11.6,274,high
Porsche,Panamera 4,Full-size,2.9,6,AM8,12.8,9.8,11.5,274,high
Porsche,Panamera 4 Executive,Full-size,2.9,6,AM8,13.8,10.2,12.2,289,high
Porsche,Panamera 4 ST,Full-size,2.9,6,AM8,12.8,10.2,11.7,274,high
Porsche,Panamera 4S,Full-size,2.9,6,AM8,12.8,9.8,11.4,276,high
Porsche,Panamera 4S Executive,Full-size,2.9,6,AM8,13.8,10.2,12.2,292,high
Porsche,Panamera 4S ST,Full-size,2.9,6,AM8,13.8,10.2,12.2,292,high
Porsche,Panamera GTS,Full-size,4.0,8,AM8,15.7,11.2,13.7,323,high
Porsche,Panamera GTS ST,Full-size,4.0,8,AM8,15.7,11.8,13.9,323,high
Porsche,Panamera Turbo S,Full-size,4.0,8,AM8,15.3,11.2,13.5,326,high
Porsche,Panamera Turbo S Executive,Full-size,4.0,8,AM8,15.3,11.2,13.5,326,high
Porsche,Panamera Turbo S ST,Full-size,4.0,8,AM8,15.3,11.2,13.5,326,high
Ram,1500 EcoDiesel,Pickup truck: Standard,3.0,6,A8,10.5,7.3,9.0,243,normal
Ram,1500 HFE EcoDiesel,Pickup truck: Standard,3.0,6,A8,10.4,7.1,8.9,238,normal
Ram,1500 eTorque,Pickup truck: Standard,3.6,6,A8,11.9,9.4,10.8,253,normal
Ram,1500 HFE eTorque,Pickup truck: Standard,3.6,6,A8,11.6,9.0,10.4,245,normal
Ram,1500,Pickup truck: Standard,5.7,8,A8,16.2,10.5,13.6,320,high
Ram,1500 eTorque,Pickup truck: Standard,5.7,8,A8,14.1,10.3,12.4,290,high
Ram,1500 4X4 EcoDiesel,Pickup truck: Standard,3.0,6,A8,11.1,8.0,9.7,260,high
Ram,1500 4X4 eTorque,Pickup truck: Standard,3.6,6,A8,12.1,9.7,11.0,259,high
Ram,1500 4X4,Pickup truck: Standard,5.7,8,A8,16.1,11.0,13.8,325,high
Ram,1500 4X4 eTorque,Pickup truck: Standard,5.7,8,A8,14.0,10.7,12.5,294,high
Ram,1500 4X4 TRX,Pickup truck: Standard,6.2,8,A8,22.4,16.5,19.8,465,high
Ram,1500 Classic,Pickup truck: Standard,3.6,6,A8,13.9,9.6,11.9,280,high
Ram,1500 Classic,Pickup truck: Standard,5.7,8,A8,15.7,11.0,13.6,319,high
Ram,1500 Classic 4X4,Pickup truck: Standard,3.6,6,A8,14.5,10.2,12.6,294,high
Ram,1500 Classic 4X4,Pickup truck: Standard,5.7,8,A8,16.2,11.6,14.1,330,high
Ram,ProMaster City,Special purpose vehicle,2.4,4,A9,11.2,8.3,9.9,232,normal
Rolls-Royce,Cullinan,Station wagon: Mid-size,6.7,12,AS8,20.1,12.1,16.5,386,high
Rolls-Royce,Cullinan Black Badge,Station wagon: Mid-size,6.7,12,AS8,20.1,12.1,16.5,386,high
Rolls-Royce,Dawn,Compact,6.6,12,AS8,20.7,13.4,17.4,408,high
Rolls-Royce,Dawn Black Badge,Compact,6.6,12,AS8,20.7,13.4,17.4,408,high
Rolls-Royce,Ghost,Full-size,6.7,12,AS8,19.9,12.7,16.7,387,high
Rolls-Royce,Ghost EWB,Full-size,6.7,12,AS8,19.9,12.7,16.7,387,high
Rolls-Royce,Phantom,Full-size,6.7,12,AS8,20.0,11.8,16.3,382,high
Rolls-Royce,Phantom EWB,Full-size,6.7,12,AS8,20.0,11.8,16.3,382,high
Rolls-Royce,Wraith,Mid-size,6.6,12,AS8,19.6,12.8,16.5,387,high
Rolls-Royce,Wraith Black Badge,Mid-size,6.6,12,AS8,19.6,12.8,16.5,387,high
Subaru,Ascent AWD,SUV: Standard,2.4,4,AV8,11.6,9.0,10.4,244,normal
Subaru,Crosstrek AWD,SUV: Small,2.0,4,AV8,8.5,7.0,7.9,185,normal
Subaru,Crosstrek AWD,SUV: Small,2.0,4,M6,10.5,8.1,9.4,220,normal
Subaru,Crosstrek AWD,SUV: Small,2.5,4,AV8,8.8,7.0,8.0,188,normal
Subaru,Forester AWD,SUV: Small,2.5,4,AV7,9.0,7.2,8.2,192,normal
Subaru,Impreza 4-Door AWD,Mid-size,2.0,4,AV7,8.3,6.4,7.5,174,normal
Subaru,Impreza 4-Door AWD,Mid-size,2.0,4,M5,10.1,7.6,9.0,210,normal
Subaru,Impreza 5-Door AWD,Station wagon: Small,2.0,4,AV7,8.4,6.6,7.6,178,normal
Subaru,Impreza 5-Door AWD,Station wagon: Small,2.0,4,M5,10.1,7.7,9.0,211,normal
Subaru,Legacy AWD,Full-size,2.4,4,AV8,9.9,7.3,8.7,205,normal
Subaru,Legacy AWD,Full-size,2.5,4,AV8,8.9,6.7,7.9,184,normal
Subaru,Outback AWD,SUV: Small,2.4,4,AV8,10.1,7.9,9.1,213,normal
Subaru,Outback AWD,SUV: Small,2.5,4,AV8,9.0,7.1,8.2,192,normal
Subaru,WRX AWD,Compact,2.0,4,AV8,12.9,9.7,11.5,269,high
Subaru,WRX AWD,Compact,2.0,4,M6,11.7,8.7,10.4,243,normal
Subaru,WRX STI AWD,Compact,2.5,4,M6,14.4,10.8,12.8,301,high
Toyota,4Runner 4WD,SUV: Standard,4.0,6,AS5,14.8,12.5,13.8,321,high
Toyota,4Runner 4WD (Part-Time 4WD),SUV: Standard,4.0,6,AS5,14.8,12.5,13.8,321,high
Toyota,Avalon,Mid-size,3.5,6,AS8,10.9,7.7,9.5,221,normal
Toyota,Avalon AWD,Mid-size,2.5,4,AS8,9.5,7.0,8.4,197,normal
Toyota,C-HR,Compact,2.0,4,AS7,8.7,7.5,8.2,189,normal
Toyota,Camry LE/SE,Mid-size,2.5,4,AS8,8.5,6.1,7.4,173,normal
Toyota,Camry XLE/XSE,Mid-size,2.5,4,AS8,8.6,6.3,7.6,177,normal
Toyota,Camry,Mid-size,3.5,6,AS8,10.5,7.1,9.0,210,normal
Toyota,Camry XSE,Mid-size,3.5,6,AS8,10.7,7.4,9.2,215,normal
Toyota,Camry TRD,Mid-size,3.5,6,AS8,10.8,7.6,9.4,220,normal
Toyota,Camry AWD LE/SE,Mid-size,2.5,4,AS8,9.3,6.8,8.2,190,normal
Toyota,Camry AWD XLE/XSE,Mid-size,2.5,4,AS8,9.5,7.0,8.4,197,normal
Toyota,Camry Hybrid LE,Mid-size,2.5,4,AV,4.9,4.8,4.9,113,normal
Toyota,Camry Hybrid SE/XLE/XSE,Mid-size,2.5,4,AV,5.3,5.0,5.1,121,normal
Toyota,Corolla,Compact,1.8,4,AV,7.9,6.1,7.1,165,normal
Toyota,Corolla XLE,Compact,1.8,4,AV,8.1,6.3,7.3,170,normal
Toyota,Corolla,Compact,1.8,4,M6,8.0,6.0,7.1,165,normal
Toyota,Corolla,Compact,2.0,4,AV10,7.6,5.9,6.8,159,normal
Toyota,Corolla XSE,Compact,2.0,4,AV10,7.7,6.1,7.0,164,normal
Toyota,Corolla,Compact,2.0,4,M6,8.2,6.5,7.4,173,normal
Toyota,Corolla Apex Edition,Compact,2.0,4,AV10,7.7,6.2,7.0,164,normal
Toyota,Corolla Apex Edition,Compact,2.0,4,M6,8.4,6.6,7.5,178,normal
Toyota,Corolla Hatchback,Compact,2.0,4,AV10,7.5,5.8,6.7,158,normal
Toyota,Corolla Hatchback,Compact,2.0,4,M6,8.4,6.7,7.6,179,normal
Toyota,Corolla Hybrid,Compact,1.8,4,AV,4.4,4.5,4.5,106,normal
Toyota,GR Supra 2.0,Two-seater,2.0,4,AS8,9.4,7.3,8.4,197,normal
Toyota,GR Supra 3.0,Two-seater,3.0,6,AS8,10.6,8.0,9.4,218,normal
Toyota,Highlander,SUV: Small,3.5,6,AS8,11.9,8.3,10.3,240,normal
Toyota,Highlander AWD,SUV: Small,3.5,6,AS8,11.8,8.6,10.3,241,normal
Toyota,Highlander Hybrid AWD,SUV: Standard,2.5,4,AV,6.7,6.8,6.7,158,normal
Toyota,Highlander Hybrid AWD Limited/Platinum,SUV: Standard,2.5,4,AV,6.6,6.8,6.7,156,normal
Toyota,Prius,Mid-size,1.8,4,AV,4.4,4.7,4.5,106,normal
Toyota,Prius AWD,Mid-size,1.8,4,AV,4.6,5.0,4.8,111,normal
Toyota,RAV4,SUV: Small,2.5,4,AS8,8.8,6.8,7.9,184,normal
Toyota,RAV4 (Stop/Start),SUV: Small,2.5,4,AS8,8.5,6.8,7.7,180,normal
Toyota,RAV4 AWD,SUV: Small,2.5,4,AS8,9.4,7.1,8.4,195,normal
Toyota,RAV4 AWD (Stop/Start),SUV: Small,2.5,4,AS8,8.8,7.1,8.0,187,normal
Toyota,RAV4 AWD LE,SUV: Small,2.5,4,AS8,8.7,6.9,7.9,184,normal
Toyota,RAV4 AWD TRD Off-Road,SUV: Small,2.5,4,AS8,9.5,7.4,8.5,200,normal
Toyota,RAV4 Hybrid AWD,SUV: Small,2.5,4,AV,5.8,6.3,6.0,140,normal
Toyota,Sequoia 4WD,SUV: Standard,5.7,8,AS6,18.5,13.9,16.4,384,high
Toyota,Sienna,Minivan,2.5,4,AV,6.6,6.5,6.5,153,normal
Toyota,Sienna AWD,Minivan,2.5,4,AV,6.8,6.6,6.7,157,normal
Toyota,Tacoma 4WD,Pickup truck: Small,3.5,6,AS6,13.0,10.5,11.8,278,high
Toyota,Tacoma 4WD,Pickup truck: Small,3.5,6,M6,13.8,11.4,12.7,299,high
Toyota,Tacoma 4WD D-Cab TRD Off-Road/PRO,Pickup truck: Small,3.5,6,M6,13.8,11.7,12.9,300,high
Toyota,Tundra,Pickup truck: Standard,5.7,8,AS6,17.7,13.6,15.9,371,high
Toyota,Tundra 4WD,Pickup truck: Standard,5.7,8,AS6,18.0,14.2,16.3,382,high
Toyota,Venza AWD,SUV: Small,2.5,4,AV,5.9,6.4,6.1,141,normal
Volkswagen,Arteon 4MOTION,Full-size,2.0,4,AS8,11.6,7.7,9.8,230,normal
Volkswagen,Atlas 4MOTION,SUV: Small,2.0,4,AS8,11.7,9.9,10.9,256,high
Volkswagen,Atlas 4MOTION,SUV: Standard,3.6,6,AS8,14.6,10.9,12.9,301,high
Volkswagen,Atlas Cross Sport 4MOTION,SUV: Small,2.0,4,AS8,11.7,10.0,10.9,257,high
Volkswagen,Atlas Cross Sport 4MOTION,SUV: Small,3.6,6,AS8,13.8,10.4,12.3,289,high
Volkswagen,Golf,Compact,1.4,4,AS8,8.2,6.5,7.5,174,normal
Volkswagen,Golf,Compact,1.4,4,M6,8.0,6.1,7.1,166,normal
Volkswagen,Golf GTI,Compact,2.0,4,AM7,9.7,7.3,8.6,201,normal
Volkswagen,Golf GTI,Compact,2.0,4,M6,10.1,7.9,9.1,213,normal
Volkswagen,Jetta,Compact,1.4,4,AS8,8.0,6.0,7.1,165,normal
Volkswagen,Jetta,Compact,1.4,4,M6,7.9,5.8,6.9,162,normal
Volkswagen,Jetta GLI,Compact,2.0,4,AM7,9.7,6.8,8.4,195,normal
Volkswagen,Jetta GLI,Compact,2.0,4,M6,9.7,7.0,8.5,198,normal
Volkswagen,Passat,Mid-size,2.0,4,AS6,9.8,6.6,8.3,195,normal
Volkswagen,Tiguan,SUV: Small,2.0,4,AS8,10.4,8.1,9.4,219,normal
Volkswagen,Tiguan 4MOTION,SUV: Small,2.0,4,AS8,11.0,8.6,9.9,232,normal
Volvo,S60 T5,Compact,2.0,4,AS8,10.0,6.8,8.6,200,normal
Volvo,S60 T5 AWD,Compact,2.0,4,AS8,10.8,7.2,9.2,215,normal
Volvo,S60 T6 AWD,Compact,2.0,4,AS8,11.0,7.4,9.4,219,normal
Volvo,S90 T6 AWD,Mid-size,2.0,4,AS8,11.3,7.5,9.6,224,normal
Volvo,V60 T5,Station wagon: Small,2.0,4,AS8,10.0,6.8,8.6,200,normal
Volvo,V60 T6 AWD,Station wagon: Small,2.0,4,AS8,11.3,7.5,9.6,224,normal
Volvo,V60 CC T5 AWD,Station wagon: Small,2.0,4,AS8,10.8,7.7,9.4,220,normal
Volvo,XC40 T4 AWD,SUV: Small,2.0,4,AS8,10.7,7.6,9.3,217,normal
Volvo,XC40 T5 AWD,SUV: Small,2.0,4,AS8,10.7,7.7,9.4,219,normal
Volvo,XC60 T5 AWD,SUV: Small,2.0,4,AS8,11.1,8.3,9.9,230,normal
Volvo,XC60 T6 AWD,SUV: Small,2.0,4,AS8,11.7,8.6,10.3,240,normal
Volvo,XC90 T5 AWD,SUV: Standard,2.0,4,AS8,11.5,8.4,10.1,236,normal
Volvo,XC90 T6 AWD,SUV: Standard,2.0,4,AS8,12.1,8.5,10.5,245,normal
